run_id,timestamp_utc,row_type,window_idx,window_start,window_end,horizon,evpi,evpi_robust,evpi_deterministic,vss,robust_actual_realized_cost,robust_perfect_info_cost,deterministic_actual_realized_cost,deterministic_perfect_info_cost,robust_total_cost,robust_feasible,solver_status,mean_dynamic_interval_width,mean_base_interval_width,unmet_load_penalty_per_mwh
20260216_092252,2026-02-16T09:22:54.092943,window,0.0,24.0,48.0,24.0,0.0,0.0,0.0,-18100.80000000447,35844180.57000001,35844180.57000001,35826079.77,35826079.77,26467892.028162234,True,ok:optimal,3906.635549193481,611.1344750467384,10000.0
20260216_092252,2026-02-16T09:22:54.092943,window,1.0,48.0,72.0,24.0,0.0,0.0,0.0,-27236.84281550348,39413281.120000005,39413281.120000005,39386044.2771845,39386044.2771845,39082321.93166949,True,ok:optimal,1123.5505726445645,611.1344750467384,10000.0
20260216_092252,2026-02-16T09:22:54.092943,window,2.0,72.0,96.0,24.0,0.0,0.0,0.0,-19213.199999999255,32874751.82,32874751.82,32855538.62,32855538.62,37673961.83323757,True,ok:optimal,1040.348354826133,611.1344750467384,10000.0
20260216_092252,2026-02-16T09:22:54.092943,window,3.0,96.0,120.0,24.0,0.0,0.0,-939.780000001192,-14574.60000000149,31820370.18,31820370.18,31805795.58,31806735.36,30879717.513382766,True,ok:optimal,1421.8114408554204,611.1344750467384,10000.0
20260216_092252,2026-02-16T09:22:54.092943,window,4.0,120.0,144.0,24.0,0.0,0.0,365.05320133268833,-11818.946798667312,23512347.43,23512347.43,23500528.483201332,23500163.43,28639025.535884015,True,ok:optimal,3791.588089888897,611.1344750467384,10000.0
20260216_092252,2026-02-16T09:22:54.092943,window,5.0,144.0,168.0,24.0,0.0,0.0,0.0,-13375.799999998882,14179736.3,14179736.3,14166360.5,14166360.5,19771035.931578934,True,ok:optimal,4064.610756051879,611.1344750467384,10000.0
20260216_092252,2026-02-16T09:22:54.092943,window,6.0,168.0,192.0,24.0,0.0,0.0,0.0,-24007.018777366728,18819975.089999996,18819975.089999996,18795968.07122263,18795968.07122263,16277290.38997471,True,ok:optimal,2997.267381228863,611.1344750467384,10000.0
20260216_092252,2026-02-16T09:22:54.092943,window,7.0,192.0,216.0,24.0,0.0,0.0,1733.1358737163246,-12775.914126288146,28429030.770000003,28429030.770000003,28416254.855873715,28414521.72,24606180.670612864,True,ok:optimal,3776.298866186753,611.1344750467384,10000.0
20260216_092252,2026-02-16T09:22:54.092943,window,8.0,216.0,240.0,24.0,0.0,0.0,0.0,-18635.39999999851,31596207.55,31596207.55,31577572.15,31577572.15,31739770.900874782,True,ok:optimal,1331.7819776123115,611.1344750467384,10000.0
20260216_092252,2026-02-16T09:22:54.092943,window,9.0,240.0,264.0,24.0,0.0,0.0,0.0,-19251.0,30088256.32,30088256.32,30069005.32,30069005.32,33230444.0100178,True,ok:optimal,845.6316337472077,611.1344750467384,10000.0
20260216_092252,2026-02-16T09:22:54.092943,window,10.0,264.0,288.0,24.0,0.0,0.0,0.0,-16864.20000000298,28356193.1,28356193.1,28339328.9,28339328.9,29993933.386041164,True,ok:optimal,905.2865988938448,611.1344750467384,10000.0
20260216_092252,2026-02-16T09:22:54.092943,window,11.0,288.0,312.0,24.0,0.0,0.0,0.0,-17258.39999999851,26770390.39,26770390.39,26753131.99,26753131.99,29061063.041480377,True,ok:optimal,4064.610756051879,611.1344750467384,10000.0
20260216_092252,2026-02-16T09:22:54.092943,window,12.0,312.0,336.0,24.0,0.0,0.0,-1241.3954782504588,-11930.385478250682,13625233.3,13625233.3,13613302.91452175,13614544.31,18272100.509816352,True,ok:optimal,3975.483172320992,611.1344750467384,10000.0
20260216_092252,2026-02-16T09:22:54.092943,window,13.0,336.0,360.0,24.0,0.0,0.0,0.0,-27898.62253770791,16359744.404782606,16359744.404782606,16331845.782244898,16331845.782244898,14572227.667330386,True,ok:optimal,2701.968270666355,611.1344750467384,10000.0
20260216_092252,2026-02-16T09:22:54.092943,window,14.0,360.0,384.0,24.0,0.0,0.0,-588.5749999992549,-13473.0,17359789.580000002,17359789.580000002,17346316.580000002,17346905.155,17737619.97424321,True,ok:optimal,3958.2244825170737,611.1344750467384,10000.0
20260216_092252,2026-02-16T09:22:54.092943,window,15.0,384.0,408.0,24.0,0.0,0.0,697.8356377948076,-27057.538807636127,16803285.442608695,16803285.442608695,16776227.90380106,16775530.068163265,14716471.424249908,True,ok:optimal,948.830637078685,611.1344750467384,10000.0
20260216_092252,2026-02-16T09:22:54.092943,window,16.0,408.0,432.0,24.0,0.0,0.0,415.384998306632,-16316.965001694858,29960339.43,29960339.43,29944022.464998305,29943607.08,24211317.99993971,True,ok:optimal,2049.3740986928856,611.1344750467391,10000.0
20260216_092252,2026-02-16T09:22:54.092943,window,17.0,432.0,456.0,24.0,0.0,0.0,0.0,-21573.0,39247964.900000006,39247964.900000006,39226391.900000006,39226391.900000006,35517064.275875986,True,ok:optimal,1849.5828209087897,611.1344750467393,10000.0
20260216_092252,2026-02-16T09:22:54.092943,window,18.0,456.0,480.0,24.0,0.0,0.0,0.0,-15562.800000000743,17503593.95,17503593.95,17488031.15,17488031.15,26731948.58730805,True,ok:optimal,3412.850129208274,611.1344750467384,10000.0
20260216_092252,2026-02-16T09:22:54.092943,window,19.0,480.0,504.0,24.0,0.0,0.0,0.0,-18529.658740017563,3288519.6360869566,3288519.6360869566,3269989.977346939,3269989.977346939,7189535.999268893,True,ok:optimal,4071.6925998234615,611.1344750467384,10000.0
20260216_092252,2026-02-16T09:22:54.092943,window,20.0,504.0,528.0,24.0,0.0,0.0,0.0,-19596.069364608265,4605458.478752363,4605458.478752363,4585862.409387754,4585862.409387754,3655430.2567572966,True,ok:optimal,3415.6455760852245,611.1344750467384,10000.0
20260216_092252,2026-02-16T09:22:54.092943,window,21.0,528.0,552.0,24.0,0.0,0.0,0.0,-27220.03584738262,15162382.112173911,15162382.112173911,15135162.07632653,15135162.07632653,9940412.677895134,True,ok:optimal,3332.87052468183,611.1344750467384,10000.0
20260216_092252,2026-02-16T09:22:54.092943,window,22.0,552.0,576.0,24.0,0.0,0.0,0.0,-19548.0,30001629.120000005,30001629.120000005,29982081.120000005,29982081.120000005,21276261.21372406,True,ok:optimal,1207.868959931266,611.1344750467397,10000.0
20260216_092252,2026-02-16T09:22:54.092943,window,23.0,576.0,600.0,24.0,0.0,0.0,-142.19999999552965,-23176.79999999702,46321725.33,46321725.33,46298548.53,46298690.73,37412424.02170174,True,ok:optimal,805.5606488923859,611.1344750467384,10000.0
20260216_092252,2026-02-16T09:22:54.092943,window,24.0,600.0,624.0,24.0,0.0,0.0,170.07693106681108,-20073.90306892991,38478446.4,38478446.4,38458372.49693107,38458202.42,44577249.77898825,True,ok:optimal,759.1886762661064,611.1344750467393,10000.0
20260216_092252,2026-02-16T09:22:54.092943,window,25.0,624.0,648.0,24.0,0.0,0.0,0.0,-16626.60000000149,22543836.16,22543836.16,22527209.56,22527209.56,32726375.13827146,True,ok:optimal,4064.610756051879,611.1344750467388,10000.0
20260216_092252,2026-02-16T09:22:54.092943,window,26.0,648.0,672.0,24.0,0.0,0.0,31.293764375150204,-13620.626235622913,18444325.45,18444325.45,18430704.823764376,18430673.53,19780102.891845208,True,ok:optimal,4096.0331333989625,611.1344750467384,10000.0
20260216_092252,2026-02-16T09:22:54.092943,window,27.0,672.0,696.0,24.0,0.0,0.0,574.1575281322002,-24466.5224718675,21045299.880000003,21045299.880000003,21020833.357528135,21020259.200000003,19952032.13576421,True,ok:optimal,2090.6761073759553,611.1344750467384,10000.0
20260216_092252,2026-02-16T09:22:54.092943,window,28.0,696.0,720.0,24.0,0.0,0.0,0.0,-18770.39999999851,33485538.31,33485538.31,33466767.910000004,33466767.910000004,27008562.479829393,True,ok:optimal,4023.392824020438,611.1344750467384,10000.0
20260216_092252,2026-02-16T09:22:54.092943,window,29.0,720.0,744.0,24.0,0.0,0.0,0.0,-21011.40000000596,40916992.53,40916992.53,40895981.129999995,40895981.129999995,38086856.63632193,True,ok:optimal,1360.1837739183272,611.1344750467384,10000.0
20260216_092252,2026-02-16T09:22:54.092943,window,30.0,744.0,768.0,24.0,0.0,0.0,-731.2142840325832,-32229.34520986676,49292500.654045366,49292500.654045366,49260271.3088355,49261002.52311953,44633795.80166622,True,ok:optimal,1321.4717080859557,611.1344750467384,10000.0
20260216_092252,2026-02-16T09:22:54.092943,window,31.0,768.0,792.0,24.0,0.0,0.0,0.0,-24062.39999999851,49033212.18,49033212.18,49009149.78,49009149.78,50650050.77497929,True,ok:optimal,1694.8482099084586,611.1344750467397,10000.0
20260216_092252,2026-02-16T09:22:54.092943,window,32.0,792.0,816.0,24.0,0.0,0.0,434.8208792507649,-16321.799120746551,33716441.839999996,33716441.839999996,33700120.04087925,33699685.22,40535278.658655286,True,ok:optimal,4064.610756051879,611.1344750467388,10000.0
20260216_092252,2026-02-16T09:22:54.092943,window,33.0,816.0,840.0,24.0,0.0,0.0,-122.16253636404872,-14597.772536363453,22583291.84,22583291.84,22568694.067463636,22568816.23,29572283.20605188,True,ok:optimal,4096.033133398962,611.1344750467384,10000.0
20260216_092252,2026-02-16T09:22:54.092943,window,34.0,840.0,864.0,24.0,0.0,0.0,-1312.789999999106,-15660.0,23876023.08,23876023.08,23860363.08,23861675.869999997,24923864.243092693,True,ok:optimal,3228.6771404172555,611.1344750467384,10000.0
20260216_092252,2026-02-16T09:22:54.092943,window,35.0,864.0,888.0,24.0,0.0,0.0,0.0,-17571.60000000149,30047235.64,30047235.64,30029664.04,30029664.04,27199059.96759705,True,ok:optimal,3582.272016364574,611.1344750467384,10000.0
20260216_092252,2026-02-16T09:22:54.092943,window,36.0,888.0,912.0,24.0,0.0,0.0,0.0,-17182.800000000745,29209819.3,29209819.3,29192636.5,29192636.5,29725439.204773523,True,ok:optimal,1504.686645793027,611.1344750467384,10000.0
20260216_092252,2026-02-16T09:22:54.092943,window,37.0,912.0,936.0,24.0,0.0,0.0,0.0,-19299.59999999404,35938816.47,35938816.47,35919516.870000005,35919516.870000005,33107540.81928747,True,ok:optimal,1601.152116811939,611.1344750467384,10000.0
20260216_092252,2026-02-16T09:22:54.092943,window,38.0,936.0,960.0,24.0,0.0,0.0,0.0,-18165.599999997765,30933333.13,30933333.13,30915167.53,30915167.53,34286279.266557924,True,ok:optimal,1651.354185314599,611.1344750467384,10000.0
20260216_092252,2026-02-16T09:22:54.092943,window,39.0,960.0,984.0,24.0,0.0,0.0,249.3236933723092,-13780.626306626946,24561528.6,24561528.6,24547747.973693375,24547498.65,28857258.16235824,True,ok:optimal,3935.740008624167,611.1344750467384,10000.0
20260216_092252,2026-02-16T09:22:54.092943,window,40.0,984.0,1008.0,24.0,0.0,0.0,1989.36125542596,-9818.8787445724,13706385.06,13706385.06,13696566.181255426,13694576.82,18506157.89159683,True,ok:optimal,4040.270222476378,611.1344750467384,10000.0
20260216_092252,2026-02-16T09:22:54.092943,window,41.0,1008.0,1032.0,24.0,0.0,0.0,0.0,-28476.235847383738,18093726.56217391,18093726.56217391,18065250.32632653,18065250.32632653,14055463.068542255,True,ok:optimal,2429.6636459586075,611.1344750467384,10000.0
20260216_092252,2026-02-16T09:22:54.092943,window,42.0,1032.0,1056.0,24.0,0.0,0.0,-770.8999999985099,-15390.0,22012976.720000003,22012976.720000003,21997586.720000003,21998357.62,19848632.31427143,True,ok:optimal,3926.80210516999,611.1344750467384,10000.0
20260216_092252,2026-02-16T09:22:54.092943,window,43.0,1056.0,1080.0,24.0,0.0,0.0,0.0,-28779.01739130355,15806731.107391303,15806731.107391303,15777952.09,15777952.09,17878079.47195623,True,ok:optimal,1487.691479166193,611.1344750467384,10000.0
20260216_092252,2026-02-16T09:22:54.092943,window,44.0,1080.0,1104.0,24.0,0.0,0.0,3.725290298461914e-09,-25505.870452526957,19349590.937391303,19349590.937391303,19324085.066938777,19324085.066938773,16982334.830717523,True,ok:optimal,1889.95780988072,611.1344750467384,10000.0
20260216_092252,2026-02-16T09:22:54.092943,window,45.0,1104.0,1128.0,24.0,0.0,0.0,0.0,-41060.7855020985,35253788.27856332,35253788.27856332,35212727.49306122,35212727.49306122,27555228.407429345,True,ok:optimal,1315.2884653724043,611.1344750467384,10000.0
20260216_092252,2026-02-16T09:22:54.092943,window,46.0,1128.0,1152.0,24.0,0.0,0.0,-3.6799999997019768,-21124.80000000447,26375555.700000003,26375555.700000003,26354430.9,26354434.58,31895447.71234836,True,ok:optimal,2362.402136674086,611.1344750467384,10000.0
20260216_092252,2026-02-16T09:22:54.092943,window,47.0,1152.0,1176.0,24.0,0.0,0.0,-509.2717138379812,-15061.301713839171,20444855.1,20444855.1,20429793.79828616,20430303.07,23472877.373911045,True,ok:optimal,4064.610756051879,611.1344750467384,10000.0
20260216_092252,2026-02-16T09:22:54.092943,window,48.0,1176.0,1200.0,24.0,0.0,0.0,0.0,-16740.0,25050960.089999996,25050960.089999996,25034220.089999996,25034220.089999996,22276388.05347939,True,ok:optimal,2307.705141481696,611.1344750467384,10000.0
20260216_092252,2026-02-16T09:22:54.092943,window,49.0,1200.0,1224.0,24.0,0.0,0.0,0.0,-28810.542857147753,37931312.0,37931312.0,37902501.45714285,37902501.45714285,32152930.815314308,True,ok:optimal,3776.298866186753,611.1344750467384,10000.0
20260216_092252,2026-02-16T09:22:54.092943,window,50.0,1224.0,1248.0,24.0,0.0,0.0,-788.3084635138512,-16761.4151301831,30856537.78,30856537.78,30839776.364869814,30840564.673333332,34088583.496977605,True,ok:optimal,1038.3705689994204,611.1344750467384,10000.0
20260216_092252,2026-02-16T09:22:54.092943,window,51.0,1248.0,1272.0,24.0,0.0,0.0,-183.37502371519804,-17012.985023718327,25637304.49,25637304.49,25620291.504976284,25620474.88,28650267.329964474,True,ok:optimal,1254.718938357236,611.1344750467384,10000.0
20260216_092252,2026-02-16T09:22:54.092943,window,52.0,1272.0,1296.0,24.0,0.0,0.0,0.0,-22489.636984586716,33291974.13,33291974.13,33269484.493015412,33269484.493015412,29676732.31535403,True,ok:optimal,1735.435098114446,611.1344750467384,10000.0
20260216_092252,2026-02-16T09:22:54.092943,window,53.0,1296.0,1320.0,24.0,0.0,0.0,0.0,-20017.79999999702,31360459.019999996,31360459.019999996,31340441.22,31340441.22,34356507.57269816,True,ok:optimal,2565.7823090744837,611.1344750467384,10000.0
20260216_092252,2026-02-16T09:22:54.092943,window,54.0,1320.0,1344.0,24.0,0.0,0.0,-35.823948450386524,-16358.538948450238,22887892.63,22887892.63,22871534.09105155,22871569.915,27953535.53359215,True,ok:optimal,3809.2082509773504,611.1344750467384,10000.0
20260216_092252,2026-02-16T09:22:54.092943,window,55.0,1344.0,1368.0,24.0,0.0,0.0,-2117.70000000298,-16740.0,23868613.04,23868613.04,23851873.04,23853990.74,24566039.96833519,True,ok:optimal,2557.106633164441,611.1344750467384,10000.0
20260216_092252,2026-02-16T09:22:54.092943,window,56.0,1368.0,1392.0,24.0,0.0,0.0,0.0,-20136.60000000149,34370141.92,34370141.92,34350005.32,34350005.32,29747900.485296145,True,ok:optimal,3958.2244825170737,611.1344750467384,10000.0
20260216_092252,2026-02-16T09:22:54.092943,window,57.0,1392.0,1416.0,24.0,0.0,0.0,0.0,-17825.400000002235,28562860.53,28562860.53,28545035.13,28545035.13,32125795.00966724,True,ok:optimal,1607.2623969282188,611.1344750467384,10000.0
20260216_092252,2026-02-16T09:22:54.092943,window,58.0,1416.0,1440.0,24.0,0.0,0.0,0.0,-21583.79999999702,31742983.18,31742983.18,31721399.380000003,31721399.380000003,30730084.117529698,True,ok:optimal,1372.5692637775653,611.1344750467402,10000.0
20260216_092252,2026-02-16T09:22:54.092943,window,59.0,1440.0,1464.0,24.0,0.0,0.0,1125.1430699527264,-20908.656930044293,42338872.0,42338872.0,42317963.343069956,42316838.2,35799344.26155005,True,ok:optimal,1012.2179675058906,611.1344750467393,10000.0
20260216_092252,2026-02-16T09:22:54.092943,window,60.0,1464.0,1488.0,24.0,0.0,0.0,0.0,-22480.19999999553,38642558.62,38642558.62,38620078.42,38620078.42,40359977.487572566,True,ok:optimal,4096.033133398964,611.1344750467397,10000.0
20260216_092252,2026-02-16T09:22:54.092943,window,61.0,1488.0,1512.0,24.0,0.0,0.0,0.0,-15978.60000000149,24457960.96,24457960.96,24441982.36,24441982.36,32268681.203228593,True,ok:optimal,3993.5751456389225,611.1344750467384,10000.0
20260216_092252,2026-02-16T09:22:54.092943,window,62.0,1512.0,1536.0,24.0,0.0,0.0,1984.7141690962017,-22984.100791335102,24359997.33,24359997.33,24337013.229208663,24335028.515039567,26268234.051863007,True,ok:optimal,2762.983179118228,611.1344750467384,10000.0
20260216_092252,2026-02-16T09:22:54.092943,window,63.0,1536.0,1560.0,24.0,0.0,0.0,0.0,-46322.54427321255,46634452.879999995,46634452.879999995,46588130.33572678,46588130.33572678,33892966.7998209,True,ok:optimal,3874.611571970829,611.1344750467384,10000.0
20260216_092252,2026-02-16T09:22:54.092943,window,64.0,1560.0,1584.0,24.0,0.0,0.0,0.0,-24656.39999999851,44783637.3,44783637.3,44758980.900000006,44758980.900000006,46008166.14234218,True,ok:optimal,1109.931172938034,611.1344750467384,10000.0
20260216_092252,2026-02-16T09:22:54.092943,window,65.0,1584.0,1608.0,24.0,0.0,0.0,-308.2199999988079,-20066.39999999851,35074154.629999995,35074154.629999995,35054088.23,35054396.449999996,39126833.92249997,True,ok:optimal,618.2717420849931,611.1344750467384,10000.0
20260216_092252,2026-02-16T09:22:54.092943,window,66.0,1608.0,1632.0,24.0,0.0,0.0,0.0,-25115.39999999851,34241163.8,34241163.8,34216048.4,34216048.4,37391089.227952495,True,ok:optimal,1986.1122190290469,611.1344750467384,10000.0
20260216_092252,2026-02-16T09:22:54.092943,window,67.0,1632.0,1656.0,24.0,0.0,0.0,-44.968284741044044,-15938.728284738958,23392291.15,23392291.15,23376352.42171526,23376397.39,28439283.835389152,True,ok:optimal,2888.2350702379754,611.1344750467393,10000.0
20260216_092252,2026-02-16T09:22:54.092943,window,68.0,1656.0,1680.0,24.0,0.0,0.0,0.0,-21470.479988837615,10755529.04,10755529.04,10734058.560011163,10734058.560011163,17705782.351341385,True,ok:optimal,4096.0331333989625,611.1344750467391,10000.0
20260216_092252,2026-02-16T09:22:54.092943,window,69.0,1680.0,1704.0,24.0,0.0,0.0,-39.0,-27080.635847382247,18993200.182173915,18993200.182173915,18966119.546326533,18966158.546326533,13093753.364386944,True,ok:optimal,2701.968270666355,611.1344750467384,10000.0
20260216_092252,2026-02-16T09:22:54.092943,window,70.0,1704.0,1728.0,24.0,0.0,0.0,0.0,-33980.47796751559,45343646.47,45343646.47,45309665.99203248,45309665.99203248,28303188.48414287,True,ok:optimal,3958.2244825170737,611.1344750467384,10000.0
20260216_092252,2026-02-16T09:22:54.092943,window,71.0,1728.0,1752.0,24.0,0.0,0.0,0.0,-53422.9983673431,19499318.29,19499318.29,19445895.291632656,19445895.291632656,28798280.23095238,True,ok:optimal,2118.222676274732,611.1344750467384,10000.0
20260216_092252,2026-02-16T09:22:54.092943,window,72.0,1752.0,1776.0,24.0,0.0,0.0,0.0,-27754.828019322827,12852761.749130432,12852761.749130432,12825006.92111111,12825006.92111111,13507419.78486359,True,ok:optimal,2887.6993248281965,611.1344750467384,10000.0
20260216_092252,2026-02-16T09:22:54.092943,window,73.0,1776.0,1800.0,24.0,0.0,0.0,1.0453164577484133e-05,-74534.86527252197,45263634.28875236,45263634.28875236,45189099.42347984,45189099.42346939,23275583.771017864,True,ok:optimal,3926.802105169992,611.1344750467397,10000.0
20260216_092252,2026-02-16T09:22:54.092943,window,74.0,1800.0,1824.0,24.0,0.0,0.0,0.0,-21789.0,31765107.28,31765107.28,31743318.28,31743318.28,35950329.21340316,True,ok:optimal,3384.7849511747686,611.1344750467393,10000.0
20260216_092252,2026-02-16T09:22:54.092943,window,75.0,1824.0,1848.0,24.0,0.0,0.0,0.0,-19650.60000000149,28144989.69,28144989.69,28125339.09,28125339.09,31092205.952366352,True,ok:optimal,4096.0331333989625,611.1344750467384,10000.0
20260216_092252,2026-02-16T09:22:54.092943,window,76.0,1848.0,1872.0,24.0,0.0,0.0,0.0,-54847.5976235494,31800502.42190926,31800502.42190926,31745654.824285712,31745654.824285712,31306036.25257869,True,ok:optimal,3198.616541979483,611.1344750467384,10000.0
20260216_092252,2026-02-16T09:22:54.092943,window,77.0,1872.0,1896.0,24.0,0.0,0.0,0.0,-82069.71947070211,62430976.539470695,62430976.539470695,62348906.81999999,62348906.81999999,47102241.36870839,True,ok:optimal,3582.272016364575,611.1344750467384,10000.0
20260216_092252,2026-02-16T09:22:54.092943,window,78.0,1896.0,1920.0,24.0,0.0,0.0,0.0,-109750.1187145561,56676528.588714555,56676528.588714555,56566778.47,56566778.47,57722159.16423997,True,ok:optimal,1366.3410056746452,611.1344750467384,10000.0
20260216_092252,2026-02-16T09:22:54.092943,window,79.0,1920.0,1944.0,24.0,0.0,0.0,0.0,-39300.96501456946,51085114.129999995,51085114.129999995,51045813.164985426,51045813.164985426,54941345.50646651,True,ok:optimal,714.6862129448588,611.1344750467391,10000.0
20260216_092252,2026-02-16T09:22:54.092943,window,80.0,1944.0,1968.0,24.0,0.0,0.0,-195.10812578350303,-28944.66000000015,28882892.61,28882892.61,28853947.95,28854143.058125783,39540903.790846385,True,ok:optimal,1994.5629454076927,611.1344750467388,10000.0
20260216_092252,2026-02-16T09:22:54.092943,window,81.0,1968.0,1992.0,24.0,0.0,0.0,0.0,-22372.199999999255,31456156.62,31456156.62,31433784.42,31433784.42,30547481.660107244,True,ok:optimal,4064.61075605188,611.1344750467391,10000.0
20260216_092252,2026-02-16T09:22:54.092943,window,82.0,1992.0,2016.0,24.0,0.0,0.0,0.0,-36718.800000000745,21166587.39,21166587.39,21129868.59,21129868.59,28699455.42360359,True,ok:optimal,4064.610756051879,611.1344750467384,10000.0
20260216_092252,2026-02-16T09:22:54.092943,window,83.0,2016.0,2040.0,24.0,0.0,0.0,0.0,-50221.58520118147,34233072.56234404,34233072.56234404,34182850.977142856,34182850.977142856,26849359.34990139,True,ok:optimal,2918.9973047720964,611.1344750467384,10000.0
20260216_092252,2026-02-16T09:22:54.092943,window,84.0,2040.0,2064.0,24.0,0.0,0.0,0.0,-26476.20000000298,34502692.11,34502692.11,34476215.91,34476215.91,34427291.99518977,True,ok:optimal,3874.611571970829,611.1344750467384,10000.0
20260216_092252,2026-02-16T09:22:54.092943,window,85.0,2064.0,2088.0,24.0,0.0,0.0,0.0,-54835.82654991001,35357079.6310397,35357079.6310397,35302243.80448979,35302243.80448979,35519954.38831319,True,ok:optimal,1570.3175026175825,611.1344750467384,10000.0
20260216_092252,2026-02-16T09:22:54.092943,window,86.0,2088.0,2112.0,24.0,0.0,0.0,0.0,-35856.53877550736,31377906.839999996,31377906.839999996,31342050.30122449,31342050.30122449,32858726.21073331,True,ok:optimal,980.5923743349988,611.13447504674,10000.0
20260216_092252,2026-02-16T09:22:54.092943,window,87.0,2112.0,2136.0,24.0,0.0,0.0,-1594.9178716018796,-98823.90725203604,55933502.26572778,55933502.26572778,55834678.358475745,55836273.27634735,44101465.871719345,True,ok:optimal,2029.220091489239,611.13447504674,10000.0
20260216_092252,2026-02-16T09:22:54.092943,window,88.0,2136.0,2160.0,24.0,0.0,0.0,0.0,-35393.35473011434,36529522.125463136,36529522.125463136,36494128.77073302,36494128.77073302,48069850.97562619,True,ok:optimal,3915.692182478087,611.1344750467388,10000.0
20260216_092252,2026-02-16T09:22:54.092943,window,89.0,2160.0,2184.0,24.0,0.0,0.0,0.0,-56577.843265306205,17910082.07,17910082.07,17853504.226734694,17853504.226734694,26857224.16558794,True,ok:optimal,4096.0331333989625,611.1344750467384,10000.0
20260216_092252,2026-02-16T09:22:54.092943,window,90.0,2184.0,2208.0,24.0,0.0,0.0,-1218.079999998212,-38706.23584738374,27104569.88217392,27104569.88217392,27065863.646326534,27067081.726326533,20594804.79076116,True,ok:optimal,2669.595813089352,611.1344750467384,10000.0
20260216_092252,2026-02-16T09:22:54.092943,window,91.0,2208.0,2232.0,24.0,0.0,0.0,0.0,-172978.34511338174,60980728.17226843,60980728.17226843,60807749.827155046,60807749.827155046,44408871.75229197,True,ok:optimal,4023.392824020437,611.1344750467384,10000.0
20260216_092252,2026-02-16T09:22:54.092943,window,92.0,2232.0,2256.0,24.0,0.0,0.0,0.0,-182466.34142045677,80051669.46856332,80051669.46856332,79869203.12714286,79869203.12714286,77747740.62186825,True,ok:optimal,972.1368570737412,611.1344750467384,10000.0
20260216_092252,2026-02-16T09:22:54.092943,window,93.0,2256.0,2280.0,24.0,0.0,0.0,0.0,-49065.04389837384,41072685.34,41072685.34,41023620.29610163,41023620.29610163,52670942.08594334,True,ok:optimal,2217.436050305734,611.1344750467388,10000.0
20260216_092252,2026-02-16T09:22:54.092943,window,94.0,2280.0,2304.0,24.0,0.0,0.0,0.0,-78809.00904622674,42390648.95,42390648.95,42311839.94095377,42311839.94095377,41080553.11176476,True,ok:optimal,1949.7299712131728,611.1344750467391,10000.0
20260216_092252,2026-02-16T09:22:54.092943,window,95.0,2304.0,2328.0,24.0,0.0,0.0,0.0,-23263.199999999255,30425795.73,30425795.73,30402532.53,30402532.53,36640188.41522567,True,ok:optimal,3599.9917655132863,611.1344750467388,10000.0
20260216_092252,2026-02-16T09:22:54.092943,window,96.0,2328.0,2352.0,24.0,0.0,0.0,0.0,-22150.800000000745,25255854.96,25255854.96,25233704.16,25233704.16,30840745.095795844,True,ok:optimal,4064.610756051879,611.1344750467384,10000.0
20260216_092252,2026-02-16T09:22:54.092943,window,97.0,2352.0,2376.0,24.0,0.0,0.0,0.0,-56108.65834651142,37433781.23487712,37433781.23487712,37377672.57653061,37377672.57653061,31409582.877560344,True,ok:optimal,2826.555950993265,611.1344750467384,10000.0
20260216_092252,2026-02-16T09:22:54.092943,window,98.0,2376.0,2400.0,24.0,0.0,0.0,0.0,-146892.16934105754,70580157.51136105,70580157.51136105,70433265.34201999,70433265.34201999,52898532.79511625,True,ok:optimal,3958.2244825170737,611.1344750467384,10000.0
20260216_092252,2026-02-16T09:22:54.092943,window,99.0,2400.0,2424.0,24.0,0.0,0.0,0.0,-61868.367346942425,56466613.06,56466613.06,56404744.69265306,56404744.69265306,58005926.710402176,True,ok:optimal,1285.4245460519317,611.1344750467384,10000.0
20260216_092252,2026-02-16T09:22:54.092943,window,100.0,2424.0,2448.0,24.0,0.0,0.0,0.0,-71428.51067055762,36383840.96,36383840.96,36312412.44932944,36312412.44932944,46667551.79504406,True,ok:optimal,2220.7930575838313,611.1344750467391,10000.0
20260216_092252,2026-02-16T09:22:54.092943,window,101.0,2448.0,2472.0,24.0,0.0,0.0,0.0,-84768.75999999791,35635500.04,35635500.04,35550731.28,35550731.28,35061860.60316837,True,ok:optimal,1278.8837158397655,611.1344750467397,10000.0
20260216_092252,2026-02-16T09:22:54.092943,window,102.0,2472.0,2496.0,24.0,0.0,0.0,-648.9886938631535,-22114.12369386852,37088131.36,37088131.36,37066017.23630613,37066666.224999994,33981679.511611134,True,ok:optimal,3599.991765513287,611.1344750467397,10000.0
20260216_092252,2026-02-16T09:22:54.092943,window,103.0,2496.0,2520.0,24.0,0.0,0.0,0.0,-29415.0,18883929.8,18883929.8,18854514.8,18854514.8,28164952.72820101,True,ok:optimal,4064.610756051881,611.1344750467393,10000.0
20260216_092252,2026-02-16T09:22:54.092943,window,104.0,2520.0,2544.0,24.0,0.0,0.0,-270.0,-62482.11999999732,39252173.55,39252173.55,39189691.43,39189961.43,27236227.34516775,True,ok:optimal,3113.99700131644,611.1344750467384,10000.0
20260216_092252,2026-02-16T09:22:54.092943,window,105.0,2544.0,2568.0,24.0,0.0,0.0,0.0,-109450.7827553004,62797340.1205104,62797340.1205104,62687889.3377551,62687889.3377551,53232574.88729928,True,ok:optimal,3874.61157197083,611.1344750467384,10000.0
20260216_092252,2026-02-16T09:22:54.092943,window,106.0,2568.0,2592.0,24.0,0.0,0.0,602.66201120615,-96124.29003195465,73056808.40661626,73056808.40661626,72960684.1165843,72960081.4545731,71945855.53600903,True,ok:optimal,1314.3450383623183,611.1344750467391,10000.0
20260216_092252,2026-02-16T09:22:54.092943,run_summary,,,,24.0,0.0,0.0,-32.088751408053895,-34509.77188497809,31994409.310047347,31994409.310047347,31959899.53816237,31959931.626913775,31712239.94007097,True,summary,2677.4851332567932,611.1344750467388,10000.0
20260216_092413,2026-02-16T09:24:14.448433,window,0.0,24.0,48.0,24.0,0.0,0.0,0.0,-18100.80000000447,35844180.57000001,35844180.57000001,35826079.77,35826079.77,26467892.028162234,True,ok:optimal,3906.635549193481,611.1344750467384,10000.0
20260216_092413,2026-02-16T09:24:14.448433,window,1.0,48.0,72.0,24.0,0.0,0.0,0.0,-27236.84281550348,39413281.120000005,39413281.120000005,39386044.2771845,39386044.2771845,39082321.93166949,True,ok:optimal,1123.5505726445645,611.1344750467384,10000.0
20260216_092413,2026-02-16T09:24:14.448433,window,2.0,72.0,96.0,24.0,0.0,0.0,0.0,-19213.199999999255,32874751.82,32874751.82,32855538.62,32855538.62,37673961.83323757,True,ok:optimal,1040.348354826133,611.1344750467384,10000.0
20260216_092413,2026-02-16T09:24:14.448433,window,3.0,96.0,120.0,24.0,0.0,0.0,-939.780000001192,-14574.60000000149,31820370.18,31820370.18,31805795.58,31806735.36,30879717.513382766,True,ok:optimal,1421.8114408554204,611.1344750467384,10000.0
20260216_092413,2026-02-16T09:24:14.448433,window,4.0,120.0,144.0,24.0,0.0,0.0,365.05320133268833,-11818.946798667312,23512347.43,23512347.43,23500528.483201332,23500163.43,28639025.535884015,True,ok:optimal,3791.588089888897,611.1344750467384,10000.0
20260216_092413,2026-02-16T09:24:14.448433,window,5.0,144.0,168.0,24.0,0.0,0.0,0.0,-13375.799999998882,14179736.3,14179736.3,14166360.5,14166360.5,19771035.931578934,True,ok:optimal,4064.610756051879,611.1344750467384,10000.0
20260216_092413,2026-02-16T09:24:14.448433,window,6.0,168.0,192.0,24.0,0.0,0.0,0.0,-24007.018777366728,18819975.089999996,18819975.089999996,18795968.07122263,18795968.07122263,16277290.38997471,True,ok:optimal,2997.267381228863,611.1344750467384,10000.0
20260216_092413,2026-02-16T09:24:14.448433,window,7.0,192.0,216.0,24.0,0.0,0.0,1733.1358737163246,-12775.914126288146,28429030.770000003,28429030.770000003,28416254.855873715,28414521.72,24606180.670612864,True,ok:optimal,3776.298866186753,611.1344750467384,10000.0
20260216_092413,2026-02-16T09:24:14.448433,window,8.0,216.0,240.0,24.0,0.0,0.0,0.0,-18635.39999999851,31596207.55,31596207.55,31577572.15,31577572.15,31739770.900874782,True,ok:optimal,1331.7819776123115,611.1344750467384,10000.0
20260216_092413,2026-02-16T09:24:14.448433,window,9.0,240.0,264.0,24.0,0.0,0.0,0.0,-19251.0,30088256.32,30088256.32,30069005.32,30069005.32,33230444.0100178,True,ok:optimal,845.6316337472077,611.1344750467384,10000.0
20260216_092413,2026-02-16T09:24:14.448433,window,10.0,264.0,288.0,24.0,0.0,0.0,0.0,-16864.20000000298,28356193.1,28356193.1,28339328.9,28339328.9,29993933.386041164,True,ok:optimal,905.2865988938448,611.1344750467384,10000.0
20260216_092413,2026-02-16T09:24:14.448433,window,11.0,288.0,312.0,24.0,0.0,0.0,0.0,-17258.39999999851,26770390.39,26770390.39,26753131.99,26753131.99,29061063.041480377,True,ok:optimal,4064.610756051879,611.1344750467384,10000.0
20260216_092413,2026-02-16T09:24:14.448433,window,12.0,312.0,336.0,24.0,0.0,0.0,-1241.3954782504588,-11930.385478250682,13625233.3,13625233.3,13613302.91452175,13614544.31,18272100.509816352,True,ok:optimal,3975.483172320992,611.1344750467384,10000.0
20260216_092413,2026-02-16T09:24:14.448433,window,13.0,336.0,360.0,24.0,0.0,0.0,0.0,-27898.62253770791,16359744.404782606,16359744.404782606,16331845.782244898,16331845.782244898,14572227.667330386,True,ok:optimal,2701.968270666355,611.1344750467384,10000.0
20260216_092413,2026-02-16T09:24:14.448433,window,14.0,360.0,384.0,24.0,0.0,0.0,-588.5749999992549,-13473.0,17359789.580000002,17359789.580000002,17346316.580000002,17346905.155,17737619.97424321,True,ok:optimal,3958.2244825170737,611.1344750467384,10000.0
20260216_092413,2026-02-16T09:24:14.448433,window,15.0,384.0,408.0,24.0,0.0,0.0,697.8356377948076,-27057.538807636127,16803285.442608695,16803285.442608695,16776227.90380106,16775530.068163265,14716471.424249908,True,ok:optimal,948.830637078685,611.1344750467384,10000.0
20260216_092413,2026-02-16T09:24:14.448433,window,16.0,408.0,432.0,24.0,0.0,0.0,415.384998306632,-16316.965001694858,29960339.43,29960339.43,29944022.464998305,29943607.08,24211317.99993971,True,ok:optimal,2049.3740986928856,611.1344750467391,10000.0
20260216_092413,2026-02-16T09:24:14.448433,window,17.0,432.0,456.0,24.0,0.0,0.0,0.0,-21573.0,39247964.900000006,39247964.900000006,39226391.900000006,39226391.900000006,35517064.275875986,True,ok:optimal,1849.5828209087897,611.1344750467393,10000.0
20260216_092413,2026-02-16T09:24:14.448433,window,18.0,456.0,480.0,24.0,0.0,0.0,0.0,-15562.800000000743,17503593.95,17503593.95,17488031.15,17488031.15,26731948.58730805,True,ok:optimal,3412.850129208274,611.1344750467384,10000.0
20260216_092413,2026-02-16T09:24:14.448433,window,19.0,480.0,504.0,24.0,0.0,0.0,0.0,-18529.658740017563,3288519.6360869566,3288519.6360869566,3269989.977346939,3269989.977346939,7189535.999268893,True,ok:optimal,4071.6925998234615,611.1344750467384,10000.0
20260216_092413,2026-02-16T09:24:14.448433,window,20.0,504.0,528.0,24.0,0.0,0.0,0.0,-19596.069364608265,4605458.478752363,4605458.478752363,4585862.409387754,4585862.409387754,3655430.2567572966,True,ok:optimal,3415.6455760852245,611.1344750467384,10000.0
20260216_092413,2026-02-16T09:24:14.448433,window,21.0,528.0,552.0,24.0,0.0,0.0,0.0,-27220.03584738262,15162382.112173911,15162382.112173911,15135162.07632653,15135162.07632653,9940412.677895134,True,ok:optimal,3332.87052468183,611.1344750467384,10000.0
20260216_092413,2026-02-16T09:24:14.448433,window,22.0,552.0,576.0,24.0,0.0,0.0,0.0,-19548.0,30001629.120000005,30001629.120000005,29982081.120000005,29982081.120000005,21276261.21372406,True,ok:optimal,1207.868959931266,611.1344750467397,10000.0
20260216_092413,2026-02-16T09:24:14.448433,window,23.0,576.0,600.0,24.0,0.0,0.0,-142.19999999552965,-23176.79999999702,46321725.33,46321725.33,46298548.53,46298690.73,37412424.02170174,True,ok:optimal,805.5606488923859,611.1344750467384,10000.0
20260216_092413,2026-02-16T09:24:14.448433,window,24.0,600.0,624.0,24.0,0.0,0.0,170.07693106681108,-20073.90306892991,38478446.4,38478446.4,38458372.49693107,38458202.42,44577249.77898825,True,ok:optimal,759.1886762661064,611.1344750467393,10000.0
20260216_092413,2026-02-16T09:24:14.448433,window,25.0,624.0,648.0,24.0,0.0,0.0,0.0,-16626.60000000149,22543836.16,22543836.16,22527209.56,22527209.56,32726375.13827146,True,ok:optimal,4064.610756051879,611.1344750467388,10000.0
20260216_092413,2026-02-16T09:24:14.448433,window,26.0,648.0,672.0,24.0,0.0,0.0,31.293764375150204,-13620.626235622913,18444325.45,18444325.45,18430704.823764376,18430673.53,19780102.891845208,True,ok:optimal,4096.0331333989625,611.1344750467384,10000.0
20260216_092413,2026-02-16T09:24:14.448433,window,27.0,672.0,696.0,24.0,0.0,0.0,574.1575281322002,-24466.5224718675,21045299.880000003,21045299.880000003,21020833.357528135,21020259.200000003,19952032.13576421,True,ok:optimal,2090.6761073759553,611.1344750467384,10000.0
20260216_092413,2026-02-16T09:24:14.448433,window,28.0,696.0,720.0,24.0,0.0,0.0,0.0,-18770.39999999851,33485538.31,33485538.31,33466767.910000004,33466767.910000004,27008562.479829393,True,ok:optimal,4023.392824020438,611.1344750467384,10000.0
20260216_092413,2026-02-16T09:24:14.448433,window,29.0,720.0,744.0,24.0,0.0,0.0,0.0,-21011.40000000596,40916992.53,40916992.53,40895981.129999995,40895981.129999995,38086856.63632193,True,ok:optimal,1360.1837739183272,611.1344750467384,10000.0
20260216_092413,2026-02-16T09:24:14.448433,window,30.0,744.0,768.0,24.0,0.0,0.0,-731.2142840325832,-32229.34520986676,49292500.654045366,49292500.654045366,49260271.3088355,49261002.52311953,44633795.80166622,True,ok:optimal,1321.4717080859557,611.1344750467384,10000.0
20260216_092413,2026-02-16T09:24:14.448433,window,31.0,768.0,792.0,24.0,0.0,0.0,0.0,-24062.39999999851,49033212.18,49033212.18,49009149.78,49009149.78,50650050.77497929,True,ok:optimal,1694.8482099084586,611.1344750467397,10000.0
20260216_092413,2026-02-16T09:24:14.448433,window,32.0,792.0,816.0,24.0,0.0,0.0,434.8208792507649,-16321.799120746551,33716441.839999996,33716441.839999996,33700120.04087925,33699685.22,40535278.658655286,True,ok:optimal,4064.610756051879,611.1344750467388,10000.0
20260216_092413,2026-02-16T09:24:14.448433,window,33.0,816.0,840.0,24.0,0.0,0.0,-122.16253636404872,-14597.772536363453,22583291.84,22583291.84,22568694.067463636,22568816.23,29572283.20605188,True,ok:optimal,4096.033133398962,611.1344750467384,10000.0
20260216_092413,2026-02-16T09:24:14.448433,window,34.0,840.0,864.0,24.0,0.0,0.0,-1312.789999999106,-15660.0,23876023.08,23876023.08,23860363.08,23861675.869999997,24923864.243092693,True,ok:optimal,3228.6771404172555,611.1344750467384,10000.0
20260216_092413,2026-02-16T09:24:14.448433,window,35.0,864.0,888.0,24.0,0.0,0.0,0.0,-17571.60000000149,30047235.64,30047235.64,30029664.04,30029664.04,27199059.96759705,True,ok:optimal,3582.272016364574,611.1344750467384,10000.0
20260216_092413,2026-02-16T09:24:14.448433,window,36.0,888.0,912.0,24.0,0.0,0.0,0.0,-17182.800000000745,29209819.3,29209819.3,29192636.5,29192636.5,29725439.204773523,True,ok:optimal,1504.686645793027,611.1344750467384,10000.0
20260216_092413,2026-02-16T09:24:14.448433,window,37.0,912.0,936.0,24.0,0.0,0.0,0.0,-19299.59999999404,35938816.47,35938816.47,35919516.870000005,35919516.870000005,33107540.81928747,True,ok:optimal,1601.152116811939,611.1344750467384,10000.0
20260216_092413,2026-02-16T09:24:14.448433,window,38.0,936.0,960.0,24.0,0.0,0.0,0.0,-18165.599999997765,30933333.13,30933333.13,30915167.53,30915167.53,34286279.266557924,True,ok:optimal,1651.354185314599,611.1344750467384,10000.0
20260216_092413,2026-02-16T09:24:14.448433,window,39.0,960.0,984.0,24.0,0.0,0.0,249.3236933723092,-13780.626306626946,24561528.6,24561528.6,24547747.973693375,24547498.65,28857258.16235824,True,ok:optimal,3935.740008624167,611.1344750467384,10000.0
20260216_092413,2026-02-16T09:24:14.448433,window,40.0,984.0,1008.0,24.0,0.0,0.0,1989.36125542596,-9818.8787445724,13706385.06,13706385.06,13696566.181255426,13694576.82,18506157.89159683,True,ok:optimal,4040.270222476378,611.1344750467384,10000.0
20260216_092413,2026-02-16T09:24:14.448433,window,41.0,1008.0,1032.0,24.0,0.0,0.0,0.0,-28476.235847383738,18093726.56217391,18093726.56217391,18065250.32632653,18065250.32632653,14055463.068542255,True,ok:optimal,2429.6636459586075,611.1344750467384,10000.0
20260216_092413,2026-02-16T09:24:14.448433,window,42.0,1032.0,1056.0,24.0,0.0,0.0,-770.8999999985099,-15390.0,22012976.720000003,22012976.720000003,21997586.720000003,21998357.62,19848632.31427143,True,ok:optimal,3926.80210516999,611.1344750467384,10000.0
20260216_092413,2026-02-16T09:24:14.448433,window,43.0,1056.0,1080.0,24.0,0.0,0.0,0.0,-28779.01739130355,15806731.107391303,15806731.107391303,15777952.09,15777952.09,17878079.47195623,True,ok:optimal,1487.691479166193,611.1344750467384,10000.0
20260216_092413,2026-02-16T09:24:14.448433,window,44.0,1080.0,1104.0,24.0,0.0,0.0,3.725290298461914e-09,-25505.870452526957,19349590.937391303,19349590.937391303,19324085.066938777,19324085.066938773,16982334.830717523,True,ok:optimal,1889.95780988072,611.1344750467384,10000.0
20260216_092413,2026-02-16T09:24:14.448433,window,45.0,1104.0,1128.0,24.0,0.0,0.0,0.0,-41060.7855020985,35253788.27856332,35253788.27856332,35212727.49306122,35212727.49306122,27555228.407429345,True,ok:optimal,1315.2884653724043,611.1344750467384,10000.0
20260216_092413,2026-02-16T09:24:14.448433,window,46.0,1128.0,1152.0,24.0,0.0,0.0,-3.6799999997019768,-21124.80000000447,26375555.700000003,26375555.700000003,26354430.9,26354434.58,31895447.71234836,True,ok:optimal,2362.402136674086,611.1344750467384,10000.0
20260216_092413,2026-02-16T09:24:14.448433,window,47.0,1152.0,1176.0,24.0,0.0,0.0,-509.2717138379812,-15061.301713839171,20444855.1,20444855.1,20429793.79828616,20430303.07,23472877.373911045,True,ok:optimal,4064.610756051879,611.1344750467384,10000.0
20260216_092413,2026-02-16T09:24:14.448433,window,48.0,1176.0,1200.0,24.0,0.0,0.0,0.0,-16740.0,25050960.089999996,25050960.089999996,25034220.089999996,25034220.089999996,22276388.05347939,True,ok:optimal,2307.705141481696,611.1344750467384,10000.0
20260216_092413,2026-02-16T09:24:14.448433,window,49.0,1200.0,1224.0,24.0,0.0,0.0,0.0,-28810.542857147753,37931312.0,37931312.0,37902501.45714285,37902501.45714285,32152930.815314308,True,ok:optimal,3776.298866186753,611.1344750467384,10000.0
20260216_092413,2026-02-16T09:24:14.448433,window,50.0,1224.0,1248.0,24.0,0.0,0.0,-788.3084635138512,-16761.4151301831,30856537.78,30856537.78,30839776.364869814,30840564.673333332,34088583.496977605,True,ok:optimal,1038.3705689994204,611.1344750467384,10000.0
20260216_092413,2026-02-16T09:24:14.448433,window,51.0,1248.0,1272.0,24.0,0.0,0.0,-183.37502371519804,-17012.985023718327,25637304.49,25637304.49,25620291.504976284,25620474.88,28650267.329964474,True,ok:optimal,1254.718938357236,611.1344750467384,10000.0
20260216_092413,2026-02-16T09:24:14.448433,window,52.0,1272.0,1296.0,24.0,0.0,0.0,0.0,-22489.636984586716,33291974.13,33291974.13,33269484.493015412,33269484.493015412,29676732.31535403,True,ok:optimal,1735.435098114446,611.1344750467384,10000.0
20260216_092413,2026-02-16T09:24:14.448433,window,53.0,1296.0,1320.0,24.0,0.0,0.0,0.0,-20017.79999999702,31360459.019999996,31360459.019999996,31340441.22,31340441.22,34356507.57269816,True,ok:optimal,2565.7823090744837,611.1344750467384,10000.0
20260216_092413,2026-02-16T09:24:14.448433,window,54.0,1320.0,1344.0,24.0,0.0,0.0,-35.823948450386524,-16358.538948450238,22887892.63,22887892.63,22871534.09105155,22871569.915,27953535.53359215,True,ok:optimal,3809.2082509773504,611.1344750467384,10000.0
20260216_092413,2026-02-16T09:24:14.448433,window,55.0,1344.0,1368.0,24.0,0.0,0.0,-2117.70000000298,-16740.0,23868613.04,23868613.04,23851873.04,23853990.74,24566039.96833519,True,ok:optimal,2557.106633164441,611.1344750467384,10000.0
20260216_092413,2026-02-16T09:24:14.448433,window,56.0,1368.0,1392.0,24.0,0.0,0.0,0.0,-20136.60000000149,34370141.92,34370141.92,34350005.32,34350005.32,29747900.485296145,True,ok:optimal,3958.2244825170737,611.1344750467384,10000.0
20260216_092413,2026-02-16T09:24:14.448433,window,57.0,1392.0,1416.0,24.0,0.0,0.0,0.0,-17825.400000002235,28562860.53,28562860.53,28545035.13,28545035.13,32125795.00966724,True,ok:optimal,1607.2623969282188,611.1344750467384,10000.0
20260216_092413,2026-02-16T09:24:14.448433,window,58.0,1416.0,1440.0,24.0,0.0,0.0,0.0,-21583.79999999702,31742983.18,31742983.18,31721399.380000003,31721399.380000003,30730084.117529698,True,ok:optimal,1372.5692637775653,611.1344750467402,10000.0
20260216_092413,2026-02-16T09:24:14.448433,window,59.0,1440.0,1464.0,24.0,0.0,0.0,1125.1430699527264,-20908.656930044293,42338872.0,42338872.0,42317963.343069956,42316838.2,35799344.26155005,True,ok:optimal,1012.2179675058906,611.1344750467393,10000.0
20260216_092413,2026-02-16T09:24:14.448433,window,60.0,1464.0,1488.0,24.0,0.0,0.0,0.0,-22480.19999999553,38642558.62,38642558.62,38620078.42,38620078.42,40359977.487572566,True,ok:optimal,4096.033133398964,611.1344750467397,10000.0
20260216_092413,2026-02-16T09:24:14.448433,window,61.0,1488.0,1512.0,24.0,0.0,0.0,0.0,-15978.60000000149,24457960.96,24457960.96,24441982.36,24441982.36,32268681.203228593,True,ok:optimal,3993.5751456389225,611.1344750467384,10000.0
20260216_092413,2026-02-16T09:24:14.448433,window,62.0,1512.0,1536.0,24.0,0.0,0.0,1984.7141690962017,-22984.100791335102,24359997.33,24359997.33,24337013.229208663,24335028.515039567,26268234.051863007,True,ok:optimal,2762.983179118228,611.1344750467384,10000.0
20260216_092413,2026-02-16T09:24:14.448433,window,63.0,1536.0,1560.0,24.0,0.0,0.0,0.0,-46322.54427321255,46634452.879999995,46634452.879999995,46588130.33572678,46588130.33572678,33892966.7998209,True,ok:optimal,3874.611571970829,611.1344750467384,10000.0
20260216_092413,2026-02-16T09:24:14.448433,window,64.0,1560.0,1584.0,24.0,0.0,0.0,0.0,-24656.39999999851,44783637.3,44783637.3,44758980.900000006,44758980.900000006,46008166.14234218,True,ok:optimal,1109.931172938034,611.1344750467384,10000.0
20260216_092413,2026-02-16T09:24:14.448433,window,65.0,1584.0,1608.0,24.0,0.0,0.0,-308.2199999988079,-20066.39999999851,35074154.629999995,35074154.629999995,35054088.23,35054396.449999996,39126833.92249997,True,ok:optimal,618.2717420849931,611.1344750467384,10000.0
20260216_092413,2026-02-16T09:24:14.448433,window,66.0,1608.0,1632.0,24.0,0.0,0.0,0.0,-25115.39999999851,34241163.8,34241163.8,34216048.4,34216048.4,37391089.227952495,True,ok:optimal,1986.1122190290469,611.1344750467384,10000.0
20260216_092413,2026-02-16T09:24:14.448433,window,67.0,1632.0,1656.0,24.0,0.0,0.0,-44.968284741044044,-15938.728284738958,23392291.15,23392291.15,23376352.42171526,23376397.39,28439283.835389152,True,ok:optimal,2888.2350702379754,611.1344750467393,10000.0
20260216_092413,2026-02-16T09:24:14.448433,window,68.0,1656.0,1680.0,24.0,0.0,0.0,0.0,-21470.479988837615,10755529.04,10755529.04,10734058.560011163,10734058.560011163,17705782.351341385,True,ok:optimal,4096.0331333989625,611.1344750467391,10000.0
20260216_092413,2026-02-16T09:24:14.448433,window,69.0,1680.0,1704.0,24.0,0.0,0.0,-39.0,-27080.635847382247,18993200.182173915,18993200.182173915,18966119.546326533,18966158.546326533,13093753.364386944,True,ok:optimal,2701.968270666355,611.1344750467384,10000.0
20260216_092413,2026-02-16T09:24:14.448433,window,70.0,1704.0,1728.0,24.0,0.0,0.0,0.0,-33980.47796751559,45343646.47,45343646.47,45309665.99203248,45309665.99203248,28303188.48414287,True,ok:optimal,3958.2244825170737,611.1344750467384,10000.0
20260216_092413,2026-02-16T09:24:14.448433,window,71.0,1728.0,1752.0,24.0,0.0,0.0,0.0,-53422.9983673431,19499318.29,19499318.29,19445895.291632656,19445895.291632656,28798280.23095238,True,ok:optimal,2118.222676274732,611.1344750467384,10000.0
20260216_092413,2026-02-16T09:24:14.448433,window,72.0,1752.0,1776.0,24.0,0.0,0.0,0.0,-27754.828019322827,12852761.749130432,12852761.749130432,12825006.92111111,12825006.92111111,13507419.78486359,True,ok:optimal,2887.6993248281965,611.1344750467384,10000.0
20260216_092413,2026-02-16T09:24:14.448433,window,73.0,1776.0,1800.0,24.0,0.0,0.0,1.0453164577484133e-05,-74534.86527252197,45263634.28875236,45263634.28875236,45189099.42347984,45189099.42346939,23275583.771017864,True,ok:optimal,3926.802105169992,611.1344750467397,10000.0
20260216_092413,2026-02-16T09:24:14.448433,window,74.0,1800.0,1824.0,24.0,0.0,0.0,0.0,-21789.0,31765107.28,31765107.28,31743318.28,31743318.28,35950329.21340316,True,ok:optimal,3384.7849511747686,611.1344750467393,10000.0
20260216_092413,2026-02-16T09:24:14.448433,window,75.0,1824.0,1848.0,24.0,0.0,0.0,0.0,-19650.60000000149,28144989.69,28144989.69,28125339.09,28125339.09,31092205.952366352,True,ok:optimal,4096.0331333989625,611.1344750467384,10000.0
20260216_092413,2026-02-16T09:24:14.448433,window,76.0,1848.0,1872.0,24.0,0.0,0.0,0.0,-54847.5976235494,31800502.42190926,31800502.42190926,31745654.824285712,31745654.824285712,31306036.25257869,True,ok:optimal,3198.616541979483,611.1344750467384,10000.0
20260216_092413,2026-02-16T09:24:14.448433,window,77.0,1872.0,1896.0,24.0,0.0,0.0,0.0,-82069.71947070211,62430976.539470695,62430976.539470695,62348906.81999999,62348906.81999999,47102241.36870839,True,ok:optimal,3582.272016364575,611.1344750467384,10000.0
20260216_092413,2026-02-16T09:24:14.448433,window,78.0,1896.0,1920.0,24.0,0.0,0.0,0.0,-109750.1187145561,56676528.588714555,56676528.588714555,56566778.47,56566778.47,57722159.16423997,True,ok:optimal,1366.3410056746452,611.1344750467384,10000.0
20260216_092413,2026-02-16T09:24:14.448433,window,79.0,1920.0,1944.0,24.0,0.0,0.0,0.0,-39300.96501456946,51085114.129999995,51085114.129999995,51045813.164985426,51045813.164985426,54941345.50646651,True,ok:optimal,714.6862129448588,611.1344750467391,10000.0
20260216_092413,2026-02-16T09:24:14.448433,window,80.0,1944.0,1968.0,24.0,0.0,0.0,-195.10812578350303,-28944.66000000015,28882892.61,28882892.61,28853947.95,28854143.058125783,39540903.790846385,True,ok:optimal,1994.5629454076927,611.1344750467388,10000.0
20260216_092413,2026-02-16T09:24:14.448433,window,81.0,1968.0,1992.0,24.0,0.0,0.0,0.0,-22372.199999999255,31456156.62,31456156.62,31433784.42,31433784.42,30547481.660107244,True,ok:optimal,4064.61075605188,611.1344750467391,10000.0
20260216_092413,2026-02-16T09:24:14.448433,window,82.0,1992.0,2016.0,24.0,0.0,0.0,0.0,-36718.800000000745,21166587.39,21166587.39,21129868.59,21129868.59,28699455.42360359,True,ok:optimal,4064.610756051879,611.1344750467384,10000.0
20260216_092413,2026-02-16T09:24:14.448433,window,83.0,2016.0,2040.0,24.0,0.0,0.0,0.0,-50221.58520118147,34233072.56234404,34233072.56234404,34182850.977142856,34182850.977142856,26849359.34990139,True,ok:optimal,2918.9973047720964,611.1344750467384,10000.0
20260216_092413,2026-02-16T09:24:14.448433,window,84.0,2040.0,2064.0,24.0,0.0,0.0,0.0,-26476.20000000298,34502692.11,34502692.11,34476215.91,34476215.91,34427291.99518977,True,ok:optimal,3874.611571970829,611.1344750467384,10000.0
20260216_092413,2026-02-16T09:24:14.448433,window,85.0,2064.0,2088.0,24.0,0.0,0.0,0.0,-54835.82654991001,35357079.6310397,35357079.6310397,35302243.80448979,35302243.80448979,35519954.38831319,True,ok:optimal,1570.3175026175825,611.1344750467384,10000.0
20260216_092413,2026-02-16T09:24:14.448433,window,86.0,2088.0,2112.0,24.0,0.0,0.0,0.0,-35856.53877550736,31377906.839999996,31377906.839999996,31342050.30122449,31342050.30122449,32858726.21073331,True,ok:optimal,980.5923743349988,611.13447504674,10000.0
20260216_092413,2026-02-16T09:24:14.448433,window,87.0,2112.0,2136.0,24.0,0.0,0.0,-1594.9178716018796,-98823.90725203604,55933502.26572778,55933502.26572778,55834678.358475745,55836273.27634735,44101465.871719345,True,ok:optimal,2029.220091489239,611.13447504674,10000.0
20260216_092413,2026-02-16T09:24:14.448433,window,88.0,2136.0,2160.0,24.0,0.0,0.0,0.0,-35393.35473011434,36529522.125463136,36529522.125463136,36494128.77073302,36494128.77073302,48069850.97562619,True,ok:optimal,3915.692182478087,611.1344750467388,10000.0
20260216_092413,2026-02-16T09:24:14.448433,window,89.0,2160.0,2184.0,24.0,0.0,0.0,0.0,-56577.843265306205,17910082.07,17910082.07,17853504.226734694,17853504.226734694,26857224.16558794,True,ok:optimal,4096.0331333989625,611.1344750467384,10000.0
20260216_092413,2026-02-16T09:24:14.448433,window,90.0,2184.0,2208.0,24.0,0.0,0.0,-1218.079999998212,-38706.23584738374,27104569.88217392,27104569.88217392,27065863.646326534,27067081.726326533,20594804.79076116,True,ok:optimal,2669.595813089352,611.1344750467384,10000.0
20260216_092413,2026-02-16T09:24:14.448433,window,91.0,2208.0,2232.0,24.0,0.0,0.0,0.0,-172978.34511338174,60980728.17226843,60980728.17226843,60807749.827155046,60807749.827155046,44408871.75229197,True,ok:optimal,4023.392824020437,611.1344750467384,10000.0
20260216_092413,2026-02-16T09:24:14.448433,window,92.0,2232.0,2256.0,24.0,0.0,0.0,0.0,-182466.34142045677,80051669.46856332,80051669.46856332,79869203.12714286,79869203.12714286,77747740.62186825,True,ok:optimal,972.1368570737412,611.1344750467384,10000.0
20260216_092413,2026-02-16T09:24:14.448433,window,93.0,2256.0,2280.0,24.0,0.0,0.0,0.0,-49065.04389837384,41072685.34,41072685.34,41023620.29610163,41023620.29610163,52670942.08594334,True,ok:optimal,2217.436050305734,611.1344750467388,10000.0
20260216_092413,2026-02-16T09:24:14.448433,window,94.0,2280.0,2304.0,24.0,0.0,0.0,0.0,-78809.00904622674,42390648.95,42390648.95,42311839.94095377,42311839.94095377,41080553.11176476,True,ok:optimal,1949.7299712131728,611.1344750467391,10000.0
20260216_092413,2026-02-16T09:24:14.448433,window,95.0,2304.0,2328.0,24.0,0.0,0.0,0.0,-23263.199999999255,30425795.73,30425795.73,30402532.53,30402532.53,36640188.41522567,True,ok:optimal,3599.9917655132863,611.1344750467388,10000.0
20260216_092413,2026-02-16T09:24:14.448433,window,96.0,2328.0,2352.0,24.0,0.0,0.0,0.0,-22150.800000000745,25255854.96,25255854.96,25233704.16,25233704.16,30840745.095795844,True,ok:optimal,4064.610756051879,611.1344750467384,10000.0
20260216_092413,2026-02-16T09:24:14.448433,window,97.0,2352.0,2376.0,24.0,0.0,0.0,0.0,-56108.65834651142,37433781.23487712,37433781.23487712,37377672.57653061,37377672.57653061,31409582.877560344,True,ok:optimal,2826.555950993265,611.1344750467384,10000.0
20260216_092413,2026-02-16T09:24:14.448433,window,98.0,2376.0,2400.0,24.0,0.0,0.0,0.0,-146892.16934105754,70580157.51136105,70580157.51136105,70433265.34201999,70433265.34201999,52898532.79511625,True,ok:optimal,3958.2244825170737,611.1344750467384,10000.0
20260216_092413,2026-02-16T09:24:14.448433,window,99.0,2400.0,2424.0,24.0,0.0,0.0,0.0,-61868.367346942425,56466613.06,56466613.06,56404744.69265306,56404744.69265306,58005926.710402176,True,ok:optimal,1285.4245460519317,611.1344750467384,10000.0
20260216_092413,2026-02-16T09:24:14.448433,window,100.0,2424.0,2448.0,24.0,0.0,0.0,0.0,-71428.51067055762,36383840.96,36383840.96,36312412.44932944,36312412.44932944,46667551.79504406,True,ok:optimal,2220.7930575838313,611.1344750467391,10000.0
20260216_092413,2026-02-16T09:24:14.448433,window,101.0,2448.0,2472.0,24.0,0.0,0.0,0.0,-84768.75999999791,35635500.04,35635500.04,35550731.28,35550731.28,35061860.60316837,True,ok:optimal,1278.8837158397655,611.1344750467397,10000.0
20260216_092413,2026-02-16T09:24:14.448433,window,102.0,2472.0,2496.0,24.0,0.0,0.0,-648.9886938631535,-22114.12369386852,37088131.36,37088131.36,37066017.23630613,37066666.224999994,33981679.511611134,True,ok:optimal,3599.991765513287,611.1344750467397,10000.0
20260216_092413,2026-02-16T09:24:14.448433,window,103.0,2496.0,2520.0,24.0,0.0,0.0,0.0,-29415.0,18883929.8,18883929.8,18854514.8,18854514.8,28164952.72820101,True,ok:optimal,4064.610756051881,611.1344750467393,10000.0
20260216_092413,2026-02-16T09:24:14.448433,window,104.0,2520.0,2544.0,24.0,0.0,0.0,-270.0,-62482.11999999732,39252173.55,39252173.55,39189691.43,39189961.43,27236227.34516775,True,ok:optimal,3113.99700131644,611.1344750467384,10000.0
20260216_092413,2026-02-16T09:24:14.448433,window,105.0,2544.0,2568.0,24.0,0.0,0.0,0.0,-109450.7827553004,62797340.1205104,62797340.1205104,62687889.3377551,62687889.3377551,53232574.88729928,True,ok:optimal,3874.61157197083,611.1344750467384,10000.0
20260216_092413,2026-02-16T09:24:14.448433,window,106.0,2568.0,2592.0,24.0,0.0,0.0,602.66201120615,-96124.29003195465,73056808.40661626,73056808.40661626,72960684.1165843,72960081.4545731,71945855.53600903,True,ok:optimal,1314.3450383623183,611.1344750467391,10000.0
20260216_092413,2026-02-16T09:24:14.448433,run_summary,,,,24.0,0.0,0.0,-32.088751408053895,-34509.77188497809,31994409.310047347,31994409.310047347,31959899.53816237,31959931.626913775,31712239.94007097,True,summary,2677.4851332567932,611.1344750467388,10000.0
20260216_202050,2026-02-16T20:20:51.684460,window,0,24,48,24.0,0.0,0.0,0.0,-18100.80000000447,35844180.57000001,35844180.57000001,35826079.77,35826079.77,26492194.332241513,True,ok:optimal,4255.239844414697,655.3380707814358,10000.0
20260216_202050,2026-02-16T20:20:51.684460,window,1,48,72,24.0,0.0,0.0,0.0,-27236.842815503478,39413281.120000005,39413281.120000005,39386044.2771845,39386044.2771845,39190675.396876186,True,ok:optimal,1217.0990892533016,655.3380707814358,10000.0
20260216_202050,2026-02-16T20:20:51.684460,window,2,72,96,24.0,0.0,0.0,0.0,-19213.199999999255,32874751.82,32874751.82,32855538.62,32855538.62,37680960.96538538,True,ok:optimal,1113.7665208423095,655.3380707814358,10000.0
20260216_202050,2026-02-16T20:20:51.684460,window,3,96,120,24.0,0.0,0.0,-939.7800000011921,-14574.60000000149,31820370.18,31820370.18,31805795.58,31806735.36,30801975.41460202,True,ok:optimal,1283.122187387259,655.3380707814358,10000.0
20260216_202050,2026-02-16T20:20:51.684460,window,4,120,144,24.0,0.0,0.0,316.1640048325062,-11867.835995167494,23512347.43,23512347.43,23500479.594004832,23500163.43,28681589.24329713,True,ok:optimal,4047.78512639259,655.3380707814358,10000.0
20260216_202050,2026-02-16T20:20:51.684460,window,5,144,168,24.0,0.0,0.0,0.0,-13375.799999998882,14179736.299999999,14179736.299999999,14166360.5,14166360.5,19826350.343956847,True,ok:optimal,4332.031587254939,655.3380707814358,10000.0
20260216_202050,2026-02-16T20:20:51.684460,window,6,168,192,24.0,0.0,0.0,0.0,-24007.018777366728,18819975.089999996,18819975.089999996,18795968.07122263,18795968.07122263,16158541.083603192,True,ok:optimal,2898.5908868096217,655.3380707814358,10000.0
20260216_202050,2026-02-16T20:20:51.684460,window,7,192,216,24.0,0.0,0.0,1860.4081190899014,-12648.641880914569,28429030.770000003,28429030.770000003,28416382.12811909,28414521.72,24455041.330769125,True,ok:optimal,4030.1548416997866,655.3380707814358,10000.0
20260216_202050,2026-02-16T20:20:51.684460,window,8,216,240,24.0,0.0,0.0,0.0,-18635.39999999851,31596207.55,31596207.55,31577572.150000002,31577572.150000002,31738216.36550486,True,ok:optimal,1299.76995527332,655.3380707814358,10000.0
20260216_202050,2026-02-16T20:20:51.684460,window,9,240,264,24.0,0.0,0.0,0.0,-19251.0,30088256.32,30088256.32,30069005.32,30069005.32,33158018.655185606,True,ok:optimal,664.9255368451655,655.3380707814358,10000.0
20260216_202050,2026-02-16T20:20:51.684460,window,10,264,288,24.0,0.0,0.0,0.0,-16864.20000000298,28356193.1,28356193.1,28339328.9,28339328.9,29980755.45906189,True,ok:optimal,915.3337706935872,655.3380707814358,10000.0
20260216_202050,2026-02-16T20:20:51.684460,window,11,288,312,24.0,0.0,0.0,0.0,-17258.39999999851,26770390.39,26770390.39,26753131.990000002,26753131.990000002,29142275.336336203,True,ok:optimal,4176.656590599421,655.3380707814358,10000.0
20260216_202050,2026-02-16T20:20:51.684460,window,12,312,336,24.0,0.0,0.0,-1116.005416503176,-11804.9954165034,13625233.3,13625233.3,13613428.304583497,13614544.31,18318646.300692998,True,ok:optimal,4051.803379647318,655.3380707814358,10000.0
20260216_202050,2026-02-16T20:20:51.684460,window,13,336,360,24.0,0.0,0.0,0.0,-27898.62253770791,16359744.404782606,16359744.404782606,16331845.782244898,16331845.782244898,14616355.213389112,True,ok:optimal,2884.199969431211,655.3380707814358,10000.0
20260216_202050,2026-02-16T20:20:51.684460,window,14,360,384,24.0,0.0,0.0,-588.5749999992549,-13473.0,17359789.580000002,17359789.580000002,17346316.580000002,17346905.155,17843234.2023542,True,ok:optimal,4291.679016633544,655.3380707814358,10000.0
20260216_202050,2026-02-16T20:20:51.684460,window,15,384,408,24.0,0.0,0.0,656.1769255287945,-27099.19751990214,16803285.442608695,16803285.442608695,16776186.245088793,16775530.068163265,14892599.465907594,True,ok:optimal,1012.0869027360555,655.3380707814358,10000.0
20260216_202050,2026-02-16T20:20:51.684460,window,16,408,432,24.0,0.0,0.0,199.80900137871504,-16532.540998622775,29960339.43,29960339.43,29943806.889001377,29943607.08,24187215.70346137,True,ok:optimal,1827.7045850447269,655.3380707814355,10000.0
20260216_202050,2026-02-16T20:20:51.684460,window,17,432,456,24.0,0.0,0.0,0.0,-21573.0,39247964.900000006,39247964.900000006,39226391.900000006,39226391.900000006,35682898.74806777,True,ok:optimal,2030.359043677898,655.3380707814358,10000.0
20260216_202050,2026-02-16T20:20:51.684460,window,18,456,480,24.0,0.0,0.0,0.0,-15562.800000000745,17503593.95,17503593.95,17488031.15,17488031.15,26797040.58139808,True,ok:optimal,3644.1294142989377,655.3380707814358,10000.0
20260216_202050,2026-02-16T20:20:51.684460,window,19,480,504,24.0,0.0,0.0,0.0,-18529.658740017563,3288519.6360869566,3288519.6360869566,3269989.977346939,3269989.977346939,7199657.937648653,True,ok:optimal,4368.470759473786,655.3380707814358,10000.0
20260216_202050,2026-02-16T20:20:51.684460,window,20,504,528,24.0,0.0,0.0,0.0,-19596.069364608265,4605458.478752363,4605458.478752363,4585862.409387754,4585862.409387754,3762711.6617446924,True,ok:optimal,3644.991204718197,655.3380707814358,10000.0
20260216_202050,2026-02-16T20:20:51.684460,window,21,528,552,24.0,0.0,0.0,0.0,-27220.03584738262,15162382.112173913,15162382.112173913,15135162.07632653,15135162.07632653,10377778.78282172,True,ok:optimal,3557.418639597771,655.3380707814358,10000.0
20260216_202050,2026-02-16T20:20:51.684460,window,22,552,576,24.0,0.0,0.0,0.0,-19548.0,30001629.120000005,30001629.120000005,29982081.120000005,29982081.120000005,21345276.436047256,True,ok:optimal,1295.9686820025165,655.3380707814358,10000.0
20260216_202050,2026-02-16T20:20:51.684460,window,23,576,600,24.0,0.0,0.0,-142.19999999552965,-23176.79999999702,46321725.33,46321725.33,46298548.53,46298690.73,37568626.91985044,True,ok:optimal,1012.4076558447401,655.3380707814358,10000.0
20260216_202050,2026-02-16T20:20:51.684460,window,24,600,624,24.0,0.0,0.0,146.2577939480543,-20097.722206048667,38478446.4,38478446.4,38458348.67779395,38458202.42,44813055.84339168,True,ok:optimal,1227.7852804768365,655.3380707814358,10000.0
20260216_202050,2026-02-16T20:20:51.684460,window,25,624,648,24.0,0.0,0.0,0.0,-16626.60000000149,22543836.16,22543836.16,22527209.56,22527209.56,32767881.872747716,True,ok:optimal,4332.03158725494,655.3380707814358,10000.0
20260216_202050,2026-02-16T20:20:51.684460,window,26,648,672,24.0,0.0,0.0,47.13411782681942,-13604.785882171243,18444325.45,18444325.45,18430720.664117828,18430673.53,19831352.949225232,True,ok:optimal,4368.470759473786,655.3380707814358,10000.0
20260216_202050,2026-02-16T20:20:51.684460,window,27,672,696,24.0,0.0,0.0,609.1706045307219,-24431.50939546898,21045299.880000003,21045299.880000003,21020868.370604534,21020259.200000003,19939030.771360125,True,ok:optimal,2236.5013749295154,655.3380707814358,10000.0
20260216_202050,2026-02-16T20:20:51.684460,window,28,696,720,24.0,0.0,0.0,0.0,-18770.39999999851,33485538.310000002,33485538.310000002,33466767.910000004,33466767.910000004,27020062.04681945,True,ok:optimal,4291.679016633544,655.3380707814358,10000.0
20260216_202050,2026-02-16T20:20:51.684460,window,29,720,744,24.0,0.0,0.0,0.0,-21011.40000000596,40916992.53,40916992.53,40895981.129999995,40895981.129999995,38164251.12497558,True,ok:optimal,1444.5964143932372,655.3380707814358,10000.0
20260216_202050,2026-02-16T20:20:51.684460,window,30,744,768,24.0,0.0,0.0,-747.6654690355062,-32245.796394869685,49292500.654045366,49292500.654045366,49260254.857650496,49261002.52311953,44672385.25125574,True,ok:optimal,1424.3357984703289,655.3380707814358,10000.0
20260216_202050,2026-02-16T20:20:51.684460,window,31,768,792,24.0,0.0,0.0,0.0,-24062.39999999851,49033212.18,49033212.18,49009149.78,49009149.78,50586096.676501736,True,ok:optimal,1664.0946172440592,655.3380707814358,10000.0
20260216_202050,2026-02-16T20:20:51.684460,window,32,792,816,24.0,0.0,0.0,429.29622257500887,-16327.323777422309,33716441.839999996,33716441.839999996,33700114.516222574,33699685.22,40663773.8494474,True,ok:optimal,4332.031587254939,655.3380707814358,10000.0
20260216_202050,2026-02-16T20:20:51.684460,window,33,816,840,24.0,0.0,0.0,-81.84688163921237,-14557.456881638616,22583291.84,22583291.84,22568734.38311836,22568816.23,29628639.383941844,True,ok:optimal,4368.470759473786,655.3380707814358,10000.0
20260216_202050,2026-02-16T20:20:51.684460,window,34,840,864,24.0,0.0,0.0,-1312.789999999106,-15660.0,23876023.08,23876023.08,23860363.08,23861675.869999997,25024265.335207537,True,ok:optimal,3446.4101423008456,655.3380707814358,10000.0
20260216_202050,2026-02-16T20:20:51.684460,window,35,864,888,24.0,0.0,0.0,0.0,-17571.60000000149,30047235.64,30047235.64,30029664.04,30029664.04,27266524.081046276,True,ok:optimal,3820.926313386881,655.3380707814358,10000.0
20260216_202050,2026-02-16T20:20:51.684460,window,36,888,912,24.0,0.0,0.0,0.0,-17182.800000000745,29209819.3,29209819.3,29192636.5,29192636.5,29790613.25935301,True,ok:optimal,1585.2504459159125,655.3380707814358,10000.0
20260216_202050,2026-02-16T20:20:51.684460,window,37,912,936,24.0,0.0,0.0,0.0,-19299.59999999404,35938816.47,35938816.47,35919516.870000005,35919516.870000005,33148634.548071463,True,ok:optimal,1665.449982295313,655.3380707814358,10000.0
20260216_202050,2026-02-16T20:20:51.684460,window,38,936,960,24.0,0.0,0.0,0.0,-18165.599999997765,30933333.13,30933333.13,30915167.53,30915167.53,34270992.21312551,True,ok:optimal,1570.942475077961,655.3380707814358,10000.0
20260216_202050,2026-02-16T20:20:51.684460,window,39,960,984,24.0,0.0,0.0,223.01752993837,-13806.932470060885,24561528.6,24561528.6,24547721.66752994,24547498.650000002,28958583.695019573,True,ok:optimal,4197.460498512427,655.3380707814358,10000.0
20260216_202050,2026-02-16T20:20:51.684460,window,40,984,1008,24.0,0.0,0.0,1883.1543576028198,-9925.085642395541,13706385.059999999,13706385.059999999,13696459.974357603,13694576.82,18537740.038944684,True,ok:optimal,4308.31891457793,655.3380707814358,10000.0
20260216_202050,2026-02-16T20:20:51.684460,window,41,1008,1032,24.0,0.0,0.0,0.0,-28476.235847383738,18093726.562173914,18093726.562173914,18065250.32632653,18065250.32632653,14225856.264946109,True,ok:optimal,3016.7967729906354,655.3380707814358,10000.0
20260216_202050,2026-02-16T20:20:51.684460,window,42,1032,1056,24.0,0.0,0.0,-770.8999999985099,-15390.0,22012976.720000003,22012976.720000003,21997586.720000003,21998357.62,19868399.20092529,True,ok:optimal,4184.284825184721,655.3380707814358,10000.0
20260216_202050,2026-02-16T20:20:51.684460,window,43,1056,1080,24.0,0.0,0.0,0.0,-28779.017391303554,15806731.107391303,15806731.107391303,15777952.09,15777952.09,17895880.114469137,True,ok:optimal,1570.6368204226237,655.3380707814358,10000.0
20260216_202050,2026-02-16T20:20:51.684460,window,44,1080,1104,24.0,0.0,0.0,10.31027601659298,-25495.56017651409,19349590.937391303,19349590.937391303,19324095.37721479,19324085.066938773,17048150.8103167,True,ok:optimal,2025.657422773241,655.3380707814358,10000.0
20260216_202050,2026-02-16T20:20:51.684460,window,45,1104,1128,24.0,0.0,0.0,0.0,-41060.7855020985,35253788.27856332,35253788.27856332,35212727.49306122,35212727.49306122,27645364.503875602,True,ok:optimal,1415.3133295419586,655.3380707814358,10000.0
20260216_202050,2026-02-16T20:20:51.684460,window,46,1128,1152,24.0,0.0,0.0,-3.6799999997019768,-21124.80000000447,26375555.700000003,26375555.700000003,26354430.9,26354434.58,32034534.927752875,True,ok:optimal,2789.485832856293,655.3380707814358,10000.0
20260216_202050,2026-02-16T20:20:51.684460,window,47,1152,1176,24.0,0.0,0.0,-519.1180468425155,-15071.148046843708,20444855.1,20444855.1,20429783.951953158,20430303.07,23582146.041034758,True,ok:optimal,4332.031587254939,655.3380707814358,10000.0
20260216_202050,2026-02-16T20:20:51.684460,window,48,1176,1200,24.0,0.0,0.0,0.0,-16740.0,25050960.089999996,25050960.089999996,25034220.089999996,25034220.089999996,22344489.0947655,True,ok:optimal,2468.9775174994115,655.3380707814358,10000.0
20260216_202050,2026-02-16T20:20:51.684460,window,49,1200,1224,24.0,0.0,0.0,0.0,-28810.542857147753,37931312.0,37931312.0,37902501.45714285,37902501.45714285,32366389.408370055,True,ok:optimal,4184.284825184721,655.3380707814358,10000.0
20260216_202050,2026-02-16T20:20:51.684460,window,50,1224,1248,24.0,0.0,0.0,-777.626427270472,-16750.73309393972,30856537.78,30856537.78,30839787.04690606,30840564.673333332,34025820.514246844,True,ok:optimal,823.9649065127833,655.3380707814358,10000.0
20260216_202050,2026-02-16T20:20:51.684460,window,51,1248,1272,24.0,0.0,0.0,-230.51501163095236,-17060.12501163408,25637304.490000002,25637304.490000002,25620244.364988368,25620474.88,28634554.20296924,True,ok:optimal,1375.8378206504524,655.3380707814358,10000.0
20260216_202050,2026-02-16T20:20:51.684460,window,52,1272,1296,24.0,0.0,0.0,0.0,-22489.636984586716,33291974.13,33291974.13,33269484.493015412,33269484.493015412,29818000.309780125,True,ok:optimal,2062.5209488663877,655.3380707814358,10000.0
20260216_202050,2026-02-16T20:20:51.684460,window,53,1296,1320,24.0,0.0,0.0,0.0,-20017.79999999702,31360459.019999996,31360459.019999996,31340441.22,31340441.22,34365981.38383858,True,ok:optimal,2733.590708719425,655.3380707814358,10000.0
20260216_202050,2026-02-16T20:20:51.684460,window,54,1320,1344,24.0,0.0,0.0,-96.34098269045353,-16419.055982690305,22887892.63,22887892.63,22871473.57401731,22871569.915,28020007.136258356,True,ok:optimal,4030.710159835411,655.3380707814358,10000.0
20260216_202050,2026-02-16T20:20:51.684460,window,55,1344,1368,24.0,0.0,0.0,-2117.7000000029802,-16740.0,23868613.04,23868613.04,23851873.04,23853990.740000002,24611734.743411645,True,ok:optimal,2732.4851912885206,655.3380707814358,10000.0
20260216_202050,2026-02-16T20:20:51.684460,window,56,1368,1392,24.0,0.0,0.0,0.0,-20136.60000000149,34370141.92,34370141.92,34350005.32,34350005.32,29892420.903261345,True,ok:optimal,4220.723997403568,655.3380707814358,10000.0
20260216_202050,2026-02-16T20:20:51.684460,window,57,1392,1416,24.0,0.0,0.0,0.0,-17825.400000002235,28562860.53,28562860.53,28545035.13,28545035.13,32397023.464891233,True,ok:optimal,2061.1616019452995,655.3380707814358,10000.0
20260216_202050,2026-02-16T20:20:51.684460,window,58,1416,1440,24.0,0.0,0.0,0.0,-21583.79999999702,31742983.18,31742983.18,31721399.380000003,31721399.380000003,30698406.279779095,True,ok:optimal,1030.1900925018156,655.3380707814358,10000.0
20260216_202050,2026-02-16T20:20:51.684460,window,59,1440,1464,24.0,0.0,0.0,688.1223501190543,-21345.677649877965,42338872.0,42338872.0,42317526.32235012,42316838.2,35814495.0974013,True,ok:optimal,902.5915312920133,655.3380707814358,10000.0
20260216_202050,2026-02-16T20:20:51.684460,window,60,1464,1488,24.0,0.0,0.0,0.0,-22480.19999999553,38642558.62,38642558.62,38620078.42,38620078.42,40457894.83927053,True,ok:optimal,4368.470759473785,655.3380707814358,10000.0
20260216_202050,2026-02-16T20:20:51.684460,window,61,1488,1512,24.0,0.0,0.0,0.0,-15978.60000000149,24457960.96,24457960.96,24441982.36,24441982.36,32334444.89889183,True,ok:optimal,4166.176667157189,655.3380707814358,10000.0
20260216_202050,2026-02-16T20:20:51.684460,window,62,1512,1536,24.0,0.0,0.0,1984.7141690962017,-22984.100791335106,24359997.33,24359997.33,24337013.229208663,24335028.515039567,26323476.784915425,True,ok:optimal,2924.265086207792,655.3380707814358,10000.0
20260216_202050,2026-02-16T20:20:51.684460,window,63,1536,1560,24.0,0.0,0.0,0.0,-46322.54427321255,46634452.879999995,46634452.879999995,46588130.33572678,46588130.33572678,34075512.72280442,True,ok:optimal,4131.824999354964,655.3380707814358,10000.0
20260216_202050,2026-02-16T20:20:51.684460,window,64,1560,1584,24.0,0.0,0.0,0.0,-24656.39999999851,44783637.300000004,44783637.300000004,44758980.900000006,44758980.900000006,46006238.12496175,True,ok:optimal,1056.0780475506592,655.3380707814358,10000.0
20260216_202050,2026-02-16T20:20:51.684460,window,65,1584,1608,24.0,0.0,0.0,-308.2199999988079,-20066.39999999851,35074154.629999995,35074154.629999995,35054088.23,35054396.449999996,39146555.176503256,True,ok:optimal,587.7829160383432,655.3380707814358,10000.0
20260216_202050,2026-02-16T20:20:51.684460,window,66,1608,1632,24.0,0.0,0.0,0.0,-25115.39999999851,34241163.8,34241163.8,34216048.4,34216048.4,37444718.64313509,True,ok:optimal,2032.7580938611397,655.3380707814358,10000.0
20260216_202050,2026-02-16T20:20:51.684460,window,67,1632,1656,24.0,0.0,0.0,101.5284865051508,-15792.231513492763,23392291.15,23392291.15,23376498.918486506,23376397.39,28593070.04902625,True,ok:optimal,3130.1525877711497,655.3380707814355,10000.0
20260216_202050,2026-02-16T20:20:51.684460,window,68,1656,1680,24.0,0.0,0.0,0.0,-21470.479988837615,10755529.040000001,10755529.040000001,10734058.560011163,10734058.560011163,17763565.15278443,True,ok:optimal,4368.470759473786,655.3380707814358,10000.0
20260216_202050,2026-02-16T20:20:51.684460,window,69,1680,1704,24.0,0.0,0.0,-39.0,-27080.635847382247,18993200.182173915,18993200.182173915,18966119.546326533,18966158.546326533,13098934.835253084,True,ok:optimal,2884.1999694312103,655.3380707814358,10000.0
20260216_202050,2026-02-16T20:20:51.684460,window,70,1704,1728,24.0,0.0,0.0,0.0,-33980.47796751559,45343646.47,45343646.47,45309665.99203248,45309665.99203248,28443686.418463156,True,ok:optimal,4220.723997403567,655.3380707814358,10000.0
20260216_202050,2026-02-16T20:20:51.684460,window,71,1728,1752,24.0,0.0,0.0,0.0,-53422.9983673431,19499318.29,19499318.29,19445895.291632656,19445895.291632656,28939805.188357584,True,ok:optimal,2098.4679272246844,655.3380707814358,10000.0
20260216_202050,2026-02-16T20:20:51.684460,window,72,1752,1776,24.0,0.0,0.0,0.0,-27754.828019322827,12852761.749130433,12852761.749130433,12825006.92111111,12825006.92111111,13628545.474403573,True,ok:optimal,2874.5252198046583,655.3380707814362,10000.0
20260216_202050,2026-02-16T20:20:51.684460,window,73,1776,1800,24.0,0.0,0.0,1.4424324035644531e-05,-74534.86526855081,45263634.28875236,45263634.28875236,45189099.42348381,45189099.42346939,24039452.17120394,True,ok:optimal,4184.284825184719,655.3380707814355,10000.0
20260216_202050,2026-02-16T20:20:51.684460,window,74,1800,1824,24.0,0.0,0.0,0.0,-21789.0,31765107.28,31765107.28,31743318.28,31743318.28,35912432.73503745,True,ok:optimal,3608.5824629351296,655.3380707814358,10000.0
20260216_202050,2026-02-16T20:20:51.684460,window,75,1824,1848,24.0,0.0,0.0,0.0,-19650.60000000149,28144989.69,28144989.69,28125339.09,28125339.09,31192879.887701415,True,ok:optimal,4368.470759473786,655.3380707814358,10000.0
20260216_202050,2026-02-16T20:20:51.684460,window,76,1848,1872,24.0,0.0,0.0,0.0,-54847.5976235494,31800502.42190926,31800502.42190926,31745654.824285712,31745654.824285712,31312230.12031716,True,ok:optimal,3322.406252135352,655.3380707814358,10000.0
20260216_202050,2026-02-16T20:20:51.684460,window,77,1872,1896,24.0,0.0,0.0,0.0,-82069.71947070211,62430976.539470695,62430976.539470695,62348906.81999999,62348906.81999999,47252997.32577613,True,ok:optimal,3820.9263133868803,655.3380707814358,10000.0
20260216_202050,2026-02-16T20:20:51.684460,window,78,1896,1920,24.0,0.0,0.0,0.0,-109750.1187145561,56676528.588714555,56676528.588714555,56566778.47,56566778.47,57599795.28944579,True,ok:optimal,1259.9741435999265,655.3380707814358,10000.0
20260216_202050,2026-02-16T20:20:51.684460,window,79,1920,1944,24.0,0.0,0.0,0.0,-39300.96501456946,51085114.129999995,51085114.129999995,51045813.164985426,51045813.164985426,54880374.243522495,True,ok:optimal,562.1292970016306,655.3380707814358,10000.0
20260216_202050,2026-02-16T20:20:51.684460,window,80,1944,1968,24.0,0.0,0.0,-163.18934260308743,-28912.741216819733,28882892.61,28882892.61,28853979.86878318,28854143.058125783,39236897.27799281,True,ok:optimal,1438.3286848884682,655.3380707814358,10000.0
20260216_202050,2026-02-16T20:20:51.684460,window,81,1968,1992,24.0,0.0,0.0,0.0,-22372.199999999255,31456156.62,31456156.62,31433784.42,31433784.42,30607269.198954396,True,ok:optimal,4036.8796506018157,655.3380707814358,10000.0
20260216_202050,2026-02-16T20:20:51.684460,window,82,1992,2016,24.0,0.0,0.0,0.0,-36718.800000000745,21166587.39,21166587.39,21129868.59,21129868.59,28746536.374370985,True,ok:optimal,4257.627856991178,655.3380707814358,10000.0
20260216_202050,2026-02-16T20:20:51.684460,window,83,2016,2040,24.0,0.0,0.0,0.0,-50221.58520118147,34233072.56234404,34233072.56234404,34182850.977142856,34182850.977142856,26891246.642379712,True,ok:optimal,3038.094670433238,655.3380707814358,10000.0
20260216_202050,2026-02-16T20:20:51.684460,window,84,2040,2064,24.0,0.0,0.0,0.0,-26476.20000000298,34502692.11,34502692.11,34476215.91,34476215.91,34443446.285645045,True,ok:optimal,4207.952837796991,655.3380707814358,10000.0
20260216_202050,2026-02-16T20:20:51.684460,window,85,2064,2088,24.0,0.0,0.0,0.0,-54835.82654991001,35357079.6310397,35357079.6310397,35302243.80448979,35302243.80448979,35602825.946232066,True,ok:optimal,1734.8536429110275,655.3380707814358,10000.0
20260216_202050,2026-02-16T20:20:51.684460,window,86,2088,2112,24.0,0.0,0.0,0.0,-35856.53877550736,31377906.839999996,31377906.839999996,31342050.30122449,31342050.30122449,32953476.8413232,True,ok:optimal,1023.9220550183521,655.3380707814358,10000.0
20260216_202050,2026-02-16T20:20:51.684460,window,87,2112,2136,24.0,0.0,0.0,-1501.1047823131084,-98730.09416274726,55933502.26572778,55933502.26572778,55834772.17156503,55836273.27634735,44627971.73979088,True,ok:optimal,2456.788067339768,655.3380707814358,10000.0
20260216_202050,2026-02-16T20:20:51.684460,window,88,2136,2160,24.0,0.0,0.0,0.0,-35393.35473011434,36529522.125463136,36529522.125463136,36494128.77073302,36494128.77073302,48116306.63664576,True,ok:optimal,4176.656590599422,655.3380707814355,10000.0
20260216_202050,2026-02-16T20:20:51.684460,window,89,2160,2184,24.0,0.0,0.0,0.0,-56577.843265306205,17910082.07,17910082.07,17853504.226734694,17853504.226734694,26918599.481276065,True,ok:optimal,4368.470759473786,655.3380707814358,10000.0
20260216_202050,2026-02-16T20:20:51.684460,window,90,2184,2208,24.0,0.0,0.0,-1218.0799999982119,-38706.23584738374,27104569.88217392,27104569.88217392,27065863.646326534,27067081.726326533,20596387.619241793,True,ok:optimal,2853.168438211999,655.3380707814358,10000.0
20260216_202050,2026-02-16T20:20:51.684460,window,91,2208,2232,24.0,0.0,0.0,0.0,-172978.34511338174,60980728.17226843,60980728.17226843,60807749.827155046,60807749.827155046,44508269.02352206,True,ok:optimal,4291.679016633544,655.3380707814358,10000.0
20260216_202050,2026-02-16T20:20:51.684460,window,92,2232,2256,24.0,0.0,0.0,0.0,-182466.34142045677,80051669.46856332,80051669.46856332,79869203.12714286,79869203.12714286,77843742.07806726,True,ok:optimal,1009.590815007401,655.3380707814358,10000.0
20260216_202050,2026-02-16T20:20:51.684460,window,93,2256,2280,24.0,0.0,0.0,0.0,-49065.04389837384,41072685.34,41072685.34,41023620.29610163,41023620.29610163,52797142.39983186,True,ok:optimal,2356.7893221156282,655.3380707814358,10000.0
20260216_202050,2026-02-16T20:20:51.684460,window,94,2280,2304,24.0,0.0,0.0,0.0,-78809.00904622674,42390648.949999996,42390648.949999996,42311839.94095377,42311839.94095377,41336973.39577966,True,ok:optimal,2051.485553510029,655.3380707814358,10000.0
20260216_202050,2026-02-16T20:20:51.684460,window,95,2304,2328,24.0,0.0,0.0,0.0,-23263.199999999255,30425795.73,30425795.73,30402532.53,30402532.53,36944025.693998724,True,ok:optimal,4031.354802991327,655.3380707814358,10000.0
20260216_202050,2026-02-16T20:20:51.684460,window,96,2328,2352,24.0,0.0,0.0,0.0,-22150.800000000745,25255854.96,25255854.96,25233704.16,25233704.16,31042195.7974019,True,ok:optimal,4355.699599867208,655.3380707814358,10000.0
20260216_202050,2026-02-16T20:20:51.684460,window,97,2352,2376,24.0,0.0,0.0,0.0,-56108.65834651142,37433781.234877124,37433781.234877124,37377672.57653061,37377672.57653061,31594932.766312044,True,ok:optimal,3016.7967729906354,655.3380707814358,10000.0
20260216_202050,2026-02-16T20:20:51.684460,window,98,2376,2400,24.0,0.0,0.0,0.0,-146892.16934105754,70580157.51136105,70580157.51136105,70433265.34201999,70433265.34201999,53160969.95532307,True,ok:optimal,4207.952837796991,655.3380707814358,10000.0
20260216_202050,2026-02-16T20:20:51.684460,window,99,2400,2424,24.0,0.0,0.0,0.0,-61868.367346942425,56466613.06,56466613.06,56404744.69265306,56404744.69265306,57912758.93542261,True,ok:optimal,1269.8931603460078,655.3380707814358,10000.0
20260216_202050,2026-02-16T20:20:51.684460,window,100,2424,2448,24.0,0.0,0.0,0.0,-71428.51067055762,36383840.96,36383840.96,36312412.44932944,36312412.44932944,46652827.874163195,True,ok:optimal,2206.482832428353,655.3380707814358,10000.0
20260216_202050,2026-02-16T20:20:51.684460,window,101,2448,2472,24.0,0.0,0.0,0.0,-84768.75999999791,35635500.04,35635500.04,35550731.28,35550731.28,35210086.91522752,True,ok:optimal,1342.7265345493731,655.3380707814358,10000.0
20260216_202050,2026-02-16T20:20:51.684460,window,102,2472,2496,24.0,0.0,0.0,-788.2649999931455,-22253.39999999851,37088131.36,37088131.36,37065877.96,37066666.224999994,34222378.01416323,True,ok:optimal,4031.3548029913236,655.3380707814352,10000.0
20260216_202050,2026-02-16T20:20:51.684460,window,103,2496,2520,24.0,0.0,0.0,0.0,-29415.0,18883929.8,18883929.8,18854514.8,18854514.8,28164418.59399366,True,ok:optimal,4257.62785699118,655.3380707814362,10000.0
20260216_202050,2026-02-16T20:20:51.684460,window,104,2520,2544,24.0,0.0,0.0,-270.0,-62482.11999999732,39252173.55,39252173.55,39189691.43,39189961.43,27220101.337311786,True,ok:optimal,3322.406252135353,655.3380707814358,10000.0
20260216_202050,2026-02-16T20:20:51.684460,window,105,2544,2568,24.0,0.0,0.0,0.0,-109450.7827553004,62797340.1205104,62797340.1205104,62687889.3377551,62687889.3377551,53231886.564604126,True,ok:optimal,4207.952837796992,655.3380707814358,10000.0
20260216_202050,2026-02-16T20:20:51.684460,window,106,2568,2592,24.0,0.0,0.0,481.07011549174786,-96245.88192766905,73056808.40661626,73056808.40661626,72960562.52468859,72960081.4545731,71914982.10929804,True,ok:optimal,1302.9317116000075,655.3380707814362,10000.0
20260216_202050,2026-02-16T20:20:51.684460,run_summary,,,,24.0,0.0,0.0,-38.282881043085425,-34515.96601461312,31994409.310047347,31994409.310047347,31959893.34403274,31959931.626913775,31787078.867317583,True,summary,2831.1012719575415,655.3380707814358,10000.0
