severity,status,category,path,symbol,issue,proposed,rationale
P2,exception,file,tests/test_T10_boundary_lower_bound.py,test_T10_boundary_lower_bound.py,Filename preserves theorem identifier used in paper/formal artifacts,keep; document exception,theorem IDs are external evidence labels
P2,exception,file,tests/test_T11Byz_robust_oqe.py,test_T11Byz_robust_oqe.py,Filename preserves theorem identifier used in paper/formal artifacts,keep; document exception,theorem IDs are external evidence labels
P2,exception,file,tests/test_T5_certificate_validity.py,test_T5_certificate_validity.py,Filename preserves theorem identifier used in paper/formal artifacts,keep; document exception,theorem IDs are external evidence labels
P2,exception,file,tests/test_T8_graceful_dominance.py,test_T8_graceful_dominance.py,Filename preserves theorem identifier used in paper/formal artifacts,keep; document exception,theorem IDs are external evidence labels
P2,exception,file,tests/test_T9_mandatory_release_impossibility.py,test_T9_mandatory_release_impossibility.py,Filename preserves theorem identifier used in paper/formal artifacts,keep; document exception,theorem IDs are external evidence labels
P2,exception,file,tests/test_TPAC_trajectory_certificate.py,test_TPAC_trajectory_certificate.py,Filename preserves theorem identifier used in paper/formal artifacts,keep; document exception,theorem IDs are external evidence labels
P2,exception,file,tests/test_Tminimax_finite_ambiguity.py,test_Tminimax_finite_ambiguity.py,Filename preserves theorem identifier used in paper/formal artifacts,keep; document exception,theorem IDs are external evidence labels
P2,exception,file,tests/test_Tsensor_necessity.py,test_Tsensor_necessity.py,Filename preserves theorem identifier used in paper/formal artifacts,keep; document exception,theorem IDs are external evidence labels
P2,exception,file,tests/test_Tstale_uncertainty_growth.py,test_Tstale_uncertainty_growth.py,Filename preserves theorem identifier used in paper/formal artifacts,keep; document exception,theorem IDs are external evidence labels
P2,exception,function,tests/test_modbus_tcp_driver.py,isError,External API compatibility name in test double,keep,mimics pymodbus-style API
P2,exception,function,tests/test_modbus_tcp_driver.py,isError,External API compatibility name in test double,keep,mimics pymodbus-style API
P3,classified_risk,duplicate_function_name,scripts/build_av_closed_loop_planner_artifacts.py;scripts/build_claim_governing_tables.py;scripts/build_domain_closure_matrix.py;scripts/build_equal_domain_artifact_discipline.py;scripts/build_orius_monograph_assets.py;scripts/build_t9_t10_research_package.py;scripts/build_theorem_promotion_gates.py;scripts/build_three_domain_ml_artifacts.py,_write_csv,Function name appears 27 times; risk classified in naming_risk_resolution.csv,domain-qualified helper name,generic helper name can obscure traces
P3,classified_risk,duplicate_function_name,scripts/build_claim_governing_tables.py;scripts/build_metrics_snapshot.py;scripts/build_paper_table_tex.py;scripts/build_runtime_release_contract_witnesses.py;scripts/build_top_venue_research_package.py;scripts/build_utility_preserving_safety_scorecard.py;scripts/package_regional_grounding_outputs.py;scripts/regenerate_battery_checklist.py,_read_csv,Function name appears 21 times; risk classified in naming_risk_resolution.csv,domain-qualified helper name,generic helper name can obscure traces
P3,classified_risk,duplicate_function_name,scripts/build_clean_artifact_release.py;scripts/build_code_quality_bundle.py;scripts/build_data_manifest.py;scripts/build_workspace_cleanup_manifest.py;scripts/final_submission_audit.py;scripts/full_folder_audit.py;scripts/generate_deployment_evidence.py;scripts/post_training_paper_update.py,_sha256,Function name appears 18 times; risk classified in naming_risk_resolution.csv,domain-qualified helper name,generic helper name can obscure traces
P3,classified_risk,duplicate_function_name,src/orius/av_waymo/replay.py;src/orius/cpsbench_iot/telemetry_soc.py;src/orius/legacy/orius_bench/aerospace_track.py;src/orius/legacy/orius_bench/industrial_track.py;src/orius/legacy/orius_bench/navigation_track.py;src/orius/orius_bench/adapter.py;src/orius/orius_bench/battery_track.py;src/orius/orius_bench/healthcare_track.py,observe,Function name appears 18 times; risk classified in naming_risk_resolution.csv,domain-qualified helper name,generic helper name can obscure traces
P3,classified_risk,duplicate_function_name,scripts/build_app_c_all_theorems.py;scripts/build_app_c_flagship_proofs.py;scripts/build_orius_framework_proof.py;scripts/hf_jobs/code_quality_job.py;scripts/post_training_paper_update.py;scripts/release_check.py;scripts/run_evidence_artifacts.py;scripts/run_orius_canonical_closure_refresh.py,_run,Function name appears 16 times; risk classified in naming_risk_resolution.csv,domain-qualified helper name,generic helper name can obscure traces
P3,classified_risk,duplicate_function_name,scripts/build_data_integrity_audit.py;scripts/build_nuplan_closed_loop_artifacts.py;scripts/build_publication_artifact.py;scripts/final_submission_audit.py;scripts/recalibrate_conformal_from_backtests.py;scripts/run_95_validation_training.py;scripts/run_orius_bench_replay_test.py;scripts/run_r1_release.py,_load_json,Function name appears 16 times; risk classified in naming_risk_resolution.csv,domain-qualified helper name,generic helper name can obscure traces
P3,classified_risk,duplicate_function_name,scripts/run_paper2_blackout_benchmark.py;src/orius/av_waymo/runtime.py;src/orius/cpsbench_iot/baselines.py;src/orius/dc3s/ftit.py;src/orius/dc3s/graceful.py;src/orius/dc3s/guarantee_checks.py;src/orius/dc3s/safety_filter_theory.py;src/orius/domain/battery_adapter.py,_f,Function name appears 16 times; risk classified in naming_risk_resolution.csv,domain-qualified helper name,generic helper name can obscure traces
P3,classified_risk,duplicate_function_name,scripts/verify_integrated_theorem_surface.py;src/orius/evaluation/uq_metrics.py;src/orius/forecasting/uncertainty/conformal.py;src/orius/forecasting/uncertainty/shift_aware/adaptive.py;src/orius/forecasting/uncertainty/shift_aware/reporting.py;src/orius/forecasting/uncertainty/shift_aware/runtime_state.py;src/orius/forecasting/uncertainty/shift_aware/state.py;src/orius/forecasting/uncertainty/shift_aware/subgroup.py,to_dict,Function name appears 15 times; risk classified in naming_risk_resolution.csv,domain-qualified helper name,generic helper name can obscure traces
P3,classified_risk,duplicate_function_name,src/orius/api/app.py;src/orius/av_waymo/replay.py;src/orius/certos/runtime.py;src/orius/cpsbench_iot/plant.py;src/orius/domain/adapter.py;src/orius/forecasting/uncertainty/conformal.py;src/orius/legacy/orius_bench/aerospace_track.py;src/orius/legacy/orius_bench/industrial_track.py,step,Function name appears 15 times; risk classified in naming_risk_resolution.csv,domain-qualified helper name,generic helper name can obscure traces
P3,classified_risk,duplicate_function_name,scripts/backfill_dc3s_typed_columns.py;scripts/build_equal_domain_artifact_discipline.py;scripts/build_reports.py;scripts/build_t10_discharge_artifacts.py;scripts/build_three_domain_ml_artifacts.py;scripts/build_top_venue_research_package.py;scripts/build_utility_preserving_safety_scorecard.py;scripts/run_predeployment_external_validation.py,_safe_float,Function name appears 14 times; risk classified in naming_risk_resolution.csv,domain-qualified helper name,generic helper name can obscure traces
P3,classified_risk,duplicate_function_name,scripts/build_conference_assets.py;scripts/build_domain_closure_matrix.py;scripts/build_orius_monograph_assets.py;scripts/build_three_domain_ml_artifacts.py;scripts/merge_nuplan_av_surfaces.py;scripts/regenerate_committee_tables.py;scripts/run_predeployment_external_validation.py;scripts/run_universal_orius_validation.py,_read_json,Function name appears 14 times; risk classified in naming_risk_resolution.csv,domain-qualified helper name,generic helper name can obscure traces
P3,classified_risk,duplicate_function_name,src/orius/av_waymo/runtime.py;src/orius/certos/shift_engine.py;src/orius/dc3s/battery_adapter.py;src/orius/dc3s/calibration.py;src/orius/dc3s/domain_adapter.py;src/orius/legacy/aerospace_adapter.py;src/orius/legacy/industrial_adapter.py;src/orius/legacy/navigation_adapter.py,build_uncertainty_set,Function name appears 14 times; risk classified in naming_risk_resolution.csv,domain-qualified helper name,generic helper name can obscure traces
P3,classified_risk,duplicate_function_name,scripts/build_battery_av_closure_artifacts.py;scripts/build_equal_domain_artifact_discipline.py;scripts/build_orius_monograph_assets.py;scripts/build_three_domain_ml_artifacts.py;scripts/build_top_venue_research_package.py;scripts/final_publish_audit.py;scripts/merge_nuplan_av_surfaces.py;scripts/recalibrate_conformal_from_backtests.py,_write_json,Function name appears 12 times; risk classified in naming_risk_resolution.csv,domain-qualified helper name,generic helper name can obscure traces
P3,classified_risk,duplicate_function_name,src/orius/forecasting/advanced_baselines.py;src/orius/orius_bench/controller_api.py,name,Function name appears 12 times; risk classified in naming_risk_resolution.csv,domain-qualified helper name,generic helper name can obscure traces
