severity,blocking,source_type,path,table,column,row_index,issue,value,detail,recommendation
warning,False,csv,paper/assets/tables/tbl02_ablations.csv,not_applicable,true_soc_violation_rate_wilcoxon_stat,not_applicable,all_zero_metric_review,not_applicable,9 numeric values are all zero.,Review for semantic zero vs. placeholder zero; not blocking.
warning,False,csv,paper/assets/tables/tbl02_ablations.csv,not_applicable,true_soc_violation_severity_p95_wilcoxon_stat,not_applicable,all_zero_metric_review,not_applicable,9 numeric values are all zero.,Review for semantic zero vs. placeholder zero; not blocking.
warning,False,csv,paper/assets/tables/tbl01_main_results.csv,not_applicable,true_soc_violation_rate_ci_low,not_applicable,all_zero_metric_review,not_applicable,5 numeric values are all zero.,Review for semantic zero vs. placeholder zero; not blocking.
warning,False,csv,paper/assets/tables/tbl01_main_results.csv,not_applicable,true_soc_violation_severity_p95_ci_low,not_applicable,all_zero_metric_review,not_applicable,5 numeric values are all zero.,Review for semantic zero vs. placeholder zero; not blocking.
warning,False,csv,paper/assets/tables/tbl01_main_results.csv,not_applicable,intervention_rate_ci_low,not_applicable,all_zero_metric_review,not_applicable,5 numeric values are all zero.,Review for semantic zero vs. placeholder zero; not blocking.
error,True,tex,paper/assets/tables/generated/tbl_battery_deep_oqe_summary.tex,not_applicable,not_applicable,10,rendered_placeholder_cell,Fault AUC & --- & 0.5213 \\,not_applicable,Render an explicit semantic value in the table cell.
error,True,tex,paper/assets/tables/generated/tbl_intervention_tradeoff.tex,not_applicable,not_applicable,8,rendered_placeholder_cell,& \textbf{TSVR} & \textbf{TSVR} & & & \\,not_applicable,Render an explicit semantic value in the table cell.
error,True,tex,paper/assets/tables/generated/tbl_vehicle_leaderboard.tex,not_applicable,not_applicable,11,rendered_placeholder_cell,3 & Robust & --- & --- & --- \\,not_applicable,Render an explicit semantic value in the table cell.
error,True,tex,paper/assets/tables/generated/tbl_multi_domain_evidence_gate.tex,not_applicable,not_applicable,8,rendered_placeholder_cell,& \textbf{TSVR mean} & \textbf{TSVR mean} & \textbf{($\geq$25\%)} & \\,not_applicable,Render an explicit semantic value in the table cell.
error,True,tex,paper/assets/tables/generated/tbl_per_domain_controller_comparison.tex,not_applicable,not_applicable,9,rendered_placeholder_cell,Battery (Ref.) & --- & --- \\,not_applicable,Render an explicit semantic value in the table cell.
error,True,tex,paper/assets/tables/generated/tbl_healthcare_leaderboard.tex,not_applicable,not_applicable,9,rendered_placeholder_cell,\textbf{1} & \textbf{DC3S} & 0.0000 & --- & 0.000 \\,not_applicable,Render an explicit semantic value in the table cell.
error,True,tex,paper/assets/tables/generated/tbl_constraint_satisfaction.tex,not_applicable,not_applicable,18,rendered_placeholder_cell,\textbf{Promoted surface} & Battery + AV + Healthcare constraints & \textbf{100\%} & --- & --- \\,not_applicable,Render an explicit semantic value in the table cell.
warning,False,csv,reports/publication/cross_region_transfer.csv,not_applicable,intervention_rate,not_applicable,all_zero_metric_review,not_applicable,96 numeric values are all zero.,Review for semantic zero vs. placeholder zero; not blocking.
warning,False,csv,reports/publication/cross_region_transfer.csv,not_applicable,grid_import_violation_rate,not_applicable,all_zero_metric_review,not_applicable,96 numeric values are all zero.,Review for semantic zero vs. placeholder zero; not blocking.
warning,False,csv,reports/publication/runtime_summary.csv,not_applicable,recovery_latency,not_applicable,all_zero_metric_review,not_applicable,4 numeric values are all zero.,Review for semantic zero vs. placeholder zero; not blocking.
warning,False,csv,reports/publication/fault_family_coverage.csv,not_applicable,coverage,not_applicable,all_zero_metric_review,not_applicable,12 numeric values are all zero.,Review for semantic zero vs. placeholder zero; not blocking.
warning,False,csv,reports/publication/certificate_half_life_blackout.csv,not_applicable,violations,not_applicable,all_zero_metric_review,not_applicable,4 numeric values are all zero.,Review for semantic zero vs. placeholder zero; not blocking.
error,True,csv,reports/publication/domain_runtime_contract_witnesses.csv,not_applicable,failed_obligations,27,placeholder_or_blank_cell,not_applicable,50/75 rows contain missing/placeholder values.,Use no_failed_obligations for passing rows.
error,True,csv,reports/publication/domain_runtime_contract_witnesses.csv,not_applicable,failure_reason,27,placeholder_or_blank_cell,none,50/75 rows contain missing/placeholder values.,Use no_failure or a concrete failure reason.
error,True,csv,reports/publication/active_theorem_audit.csv,not_applicable,assumptions_used,11,placeholder_or_blank_cell,not_applicable,19/29 rows contain missing/placeholder values.,Replace with an explicit semantic value such as not_applicable.
error,True,csv,reports/publication/active_theorem_audit.csv,not_applicable,typed_obligations,2,placeholder_or_blank_cell,not_applicable,8/29 rows contain missing/placeholder values.,Replace with an explicit semantic value such as not_applicable.
error,True,csv,reports/publication/active_theorem_audit.csv,not_applicable,unresolved_assumptions,2,placeholder_or_blank_cell,not_applicable,29/29 rows contain missing/placeholder values.,Replace with an explicit semantic value such as not_applicable.
error,True,csv,reports/publication/battery_deep_oqe_summary.csv,not_applicable,heuristic,3,placeholder_or_blank_cell,not_applicable,2/5 rows contain missing/placeholder values.,Replace with an explicit semantic value such as not_applicable.
warning,False,csv,reports/publication/battery_deep_oqe_safety_metrics.csv,not_applicable,true_soc_violation_rate,not_applicable,all_zero_metric_review,not_applicable,12 numeric values are all zero.,Review for semantic zero vs. placeholder zero; not blocking.
warning,False,csv,reports/publication/battery_deep_oqe_safety_metrics.csv,not_applicable,recovery_latency,not_applicable,all_zero_metric_review,not_applicable,12 numeric values are all zero.,Review for semantic zero vs. placeholder zero; not blocking.
error,True,csv,reports/publication/utility_preserving_safety_scorecard.csv,not_applicable,orius_intervention_rate,2,placeholder_or_blank_cell,not_applicable,1/3 rows contain missing/placeholder values.,Replace with an explicit semantic value such as not_applicable.
error,True,csv,reports/publication/utility_preserving_safety_scorecard.csv,not_applicable,safety_reference_intervention_rate,2,placeholder_or_blank_cell,not_applicable,1/3 rows contain missing/placeholder values.,Replace with an explicit semantic value such as not_applicable.
error,True,csv,reports/publication/utility_preserving_safety_scorecard.csv,not_applicable,intervention_reduction_vs_safety_reference,2,placeholder_or_blank_cell,not_applicable,1/3 rows contain missing/placeholder values.,Replace with an explicit semantic value such as not_applicable.
error,True,csv,reports/publication/utility_preserving_safety_scorecard.csv,not_applicable,orius_fallback_rate,2,placeholder_or_blank_cell,not_applicable,1/3 rows contain missing/placeholder values.,Replace with an explicit semantic value such as not_applicable.
error,True,csv,reports/publication/utility_preserving_safety_scorecard.csv,not_applicable,safety_reference_fallback_rate,2,placeholder_or_blank_cell,not_applicable,1/3 rows contain missing/placeholder values.,Replace with an explicit semantic value such as not_applicable.
error,True,csv,reports/publication/utility_preserving_safety_scorecard.csv,not_applicable,fallback_reduction_vs_safety_reference,2,placeholder_or_blank_cell,not_applicable,1/3 rows contain missing/placeholder values.,Replace with an explicit semantic value such as not_applicable.
error,True,csv,reports/publication/theorem_promotion_gates.csv,not_applicable,blocker,2,placeholder_or_blank_cell,not_applicable,24/24 rows contain missing/placeholder values.,Replace with an explicit semantic value such as not_applicable.
error,True,csv,reports/publication/orius_maturity_matrix.csv,not_applicable,blocker,2,placeholder_or_blank_cell,none,3/3 rows contain missing/placeholder values.,Replace with an explicit semantic value such as not_applicable.
error,True,csv,reports/publication/chapters40_44_domain_evidence_register.csv,not_applicable,blocker,2,placeholder_or_blank_cell,none,3/3 rows contain missing/placeholder values.,Replace with an explicit semantic value such as not_applicable.
error,True,json,reports/publication/utility_preserving_safety_scorecard.json,not_applicable,rows.0.orius_intervention_rate,not_applicable,placeholder_or_null_value,not_applicable,not_applicable,Replace with an explicit semantic value such as not_applicable.
error,True,json,reports/publication/utility_preserving_safety_scorecard.json,not_applicable,rows.0.safety_reference_intervention_rate,not_applicable,placeholder_or_null_value,not_applicable,not_applicable,Replace with an explicit semantic value such as not_applicable.
error,True,json,reports/publication/utility_preserving_safety_scorecard.json,not_applicable,rows.0.intervention_reduction_vs_safety_reference,not_applicable,placeholder_or_null_value,not_applicable,not_applicable,Replace with an explicit semantic value such as not_applicable.
error,True,json,reports/publication/utility_preserving_safety_scorecard.json,not_applicable,rows.0.orius_fallback_rate,not_applicable,placeholder_or_null_value,not_applicable,not_applicable,Replace with an explicit semantic value such as not_applicable.
error,True,json,reports/publication/utility_preserving_safety_scorecard.json,not_applicable,rows.0.safety_reference_fallback_rate,not_applicable,placeholder_or_null_value,not_applicable,not_applicable,Replace with an explicit semantic value such as not_applicable.
error,True,json,reports/publication/utility_preserving_safety_scorecard.json,not_applicable,rows.0.fallback_reduction_vs_safety_reference,not_applicable,placeholder_or_null_value,not_applicable,not_applicable,Replace with an explicit semantic value such as not_applicable.
warning,False,csv,reports/publication/cross_region_transfer_summary.csv,not_applicable,intervention_rate_mean,not_applicable,all_zero_metric_review,not_applicable,32 numeric values are all zero.,Review for semantic zero vs. placeholder zero; not blocking.
warning,False,csv,reports/publication/cross_region_transfer_summary.csv,not_applicable,intervention_rate_std,not_applicable,all_zero_metric_review,not_applicable,32 numeric values are all zero.,Review for semantic zero vs. placeholder zero; not blocking.
warning,False,csv,reports/publication/ablation_table.csv,not_applicable,grid_import_violation_rate,not_applicable,all_zero_metric_review,not_applicable,576 numeric values are all zero.,Review for semantic zero vs. placeholder zero; not blocking.
warning,False,csv,reports/publication/battery_reliability_baselines_summary.csv,not_applicable,hidden_gap_rate,not_applicable,all_zero_metric_review,not_applicable,5 numeric values are all zero.,Review for semantic zero vs. placeholder zero; not blocking.
error,True,json,reports/publication/three_domain_utility_safety_dominance.json,not_applicable,rows.1.orius_progress_total,not_applicable,placeholder_or_null_value,not_applicable,not_applicable,Replace with an explicit semantic value such as not_applicable.
error,True,json,reports/publication/three_domain_utility_safety_dominance.json,not_applicable,rows.1.orius_near_miss_rate,not_applicable,placeholder_or_null_value,not_applicable,not_applicable,Replace with an explicit semantic value such as not_applicable.
error,True,json,reports/publication/three_domain_utility_safety_dominance.json,not_applicable,rows.1.orius_collision_proxy_rate,not_applicable,placeholder_or_null_value,not_applicable,not_applicable,Replace with an explicit semantic value such as not_applicable.
error,True,json,reports/publication/three_domain_utility_safety_dominance.json,not_applicable,rows.1.orius_mean_abs_jerk,not_applicable,placeholder_or_null_value,not_applicable,not_applicable,Replace with an explicit semantic value such as not_applicable.
warning,False,csv,reports/publication/table2_ablations.csv,not_applicable,true_soc_violation_rate_wilcoxon_stat,not_applicable,all_zero_metric_review,not_applicable,9 numeric values are all zero.,Review for semantic zero vs. placeholder zero; not blocking.
warning,False,csv,reports/publication/table2_ablations.csv,not_applicable,true_soc_violation_severity_p95_wilcoxon_stat,not_applicable,all_zero_metric_review,not_applicable,9 numeric values are all zero.,Review for semantic zero vs. placeholder zero; not blocking.
error,True,json,reports/publication/model_quality_gate.json,not_applicable,models.0.gates.generalization.metrics.train_rmse,not_applicable,placeholder_or_null_value,null,not_applicable,Replace with an explicit semantic value such as not_applicable.
error,True,json,reports/publication/model_quality_gate.json,not_applicable,models.0.gates.generalization.metrics.train_validation_rmse_ratio,not_applicable,placeholder_or_null_value,null,not_applicable,Replace with an explicit semantic value such as not_applicable.
error,True,json,reports/publication/model_quality_gate.json,not_applicable,models.1.gates.generalization.metrics.train_rmse,not_applicable,placeholder_or_null_value,null,not_applicable,Replace with an explicit semantic value such as not_applicable.
error,True,json,reports/publication/model_quality_gate.json,not_applicable,models.1.gates.generalization.metrics.train_validation_rmse_ratio,not_applicable,placeholder_or_null_value,null,not_applicable,Replace with an explicit semantic value such as not_applicable.
error,True,json,reports/publication/model_quality_gate.json,not_applicable,models.2.gates.generalization.metrics.train_rmse,not_applicable,placeholder_or_null_value,null,not_applicable,Replace with an explicit semantic value such as not_applicable.
error,True,json,reports/publication/model_quality_gate.json,not_applicable,models.2.gates.generalization.metrics.train_validation_rmse_ratio,not_applicable,placeholder_or_null_value,null,not_applicable,Replace with an explicit semantic value such as not_applicable.
error,True,json,reports/publication/model_quality_gate.json,not_applicable,models.3.gates.generalization.metrics.train_rmse,not_applicable,placeholder_or_null_value,null,not_applicable,Replace with an explicit semantic value such as not_applicable.
error,True,json,reports/publication/model_quality_gate.json,not_applicable,models.3.gates.generalization.metrics.train_validation_rmse_ratio,not_applicable,placeholder_or_null_value,null,not_applicable,Replace with an explicit semantic value such as not_applicable.
error,True,json,reports/publication/model_quality_gate.json,not_applicable,models.6.gates.calibration.metrics.mean_interval_width,not_applicable,placeholder_or_null_value,null,not_applicable,Replace with an explicit semantic value such as not_applicable.
error,True,json,reports/publication/model_quality_gate.json,not_applicable,models.6.gates.calibration.metrics.picp_90,not_applicable,placeholder_or_null_value,null,not_applicable,Replace with an explicit semantic value such as not_applicable.
error,True,json,reports/publication/model_quality_gate.json,not_applicable,models.6.gates.generalization.metrics.test_rmse,not_applicable,placeholder_or_null_value,null,not_applicable,Replace with an explicit semantic value such as not_applicable.
error,True,json,reports/publication/model_quality_gate.json,not_applicable,models.6.gates.generalization.metrics.train_rmse,not_applicable,placeholder_or_null_value,null,not_applicable,Replace with an explicit semantic value such as not_applicable.
error,True,json,reports/publication/model_quality_gate.json,not_applicable,models.6.gates.generalization.metrics.train_validation_rmse_ratio,not_applicable,placeholder_or_null_value,null,not_applicable,Replace with an explicit semantic value such as not_applicable.
error,True,json,reports/publication/model_quality_gate.json,not_applicable,models.6.gates.generalization.metrics.validation_rmse,not_applicable,placeholder_or_null_value,null,not_applicable,Replace with an explicit semantic value such as not_applicable.
error,True,json,reports/publication/model_quality_gate.json,not_applicable,models.6.gates.generalization.metrics.validation_test_rmse_ratio,not_applicable,placeholder_or_null_value,null,not_applicable,Replace with an explicit semantic value such as not_applicable.
error,True,json,reports/publication/model_quality_gate.json,not_applicable,models.7.gates.generalization.metrics.train_rmse,not_applicable,placeholder_or_null_value,null,not_applicable,Replace with an explicit semantic value such as not_applicable.
error,True,json,reports/publication/model_quality_gate.json,not_applicable,models.7.gates.generalization.metrics.train_validation_rmse_ratio,not_applicable,placeholder_or_null_value,null,not_applicable,Replace with an explicit semantic value such as not_applicable.
error,True,json,reports/publication/model_quality_gate.json,not_applicable,models.8.gates.calibration.metrics.mean_interval_width,not_applicable,placeholder_or_null_value,null,not_applicable,Replace with an explicit semantic value such as not_applicable.
error,True,json,reports/publication/model_quality_gate.json,not_applicable,models.8.gates.calibration.metrics.picp_90,not_applicable,placeholder_or_null_value,null,not_applicable,Replace with an explicit semantic value such as not_applicable.
error,True,json,reports/publication/model_quality_gate.json,not_applicable,models.8.gates.generalization.metrics.test_rmse,not_applicable,placeholder_or_null_value,null,not_applicable,Replace with an explicit semantic value such as not_applicable.
error,True,json,reports/publication/model_quality_gate.json,not_applicable,models.8.gates.generalization.metrics.train_rmse,not_applicable,placeholder_or_null_value,null,not_applicable,Replace with an explicit semantic value such as not_applicable.
error,True,json,reports/publication/model_quality_gate.json,not_applicable,models.8.gates.generalization.metrics.train_validation_rmse_ratio,not_applicable,placeholder_or_null_value,null,not_applicable,Replace with an explicit semantic value such as not_applicable.
error,True,json,reports/publication/model_quality_gate.json,not_applicable,models.8.gates.generalization.metrics.validation_rmse,not_applicable,placeholder_or_null_value,null,not_applicable,Replace with an explicit semantic value such as not_applicable.
error,True,json,reports/publication/model_quality_gate.json,not_applicable,models.8.gates.generalization.metrics.validation_test_rmse_ratio,not_applicable,placeholder_or_null_value,null,not_applicable,Replace with an explicit semantic value such as not_applicable.
error,True,json,reports/publication/model_quality_gate.json,not_applicable,models.10.gates.calibration.metrics.mean_interval_width,not_applicable,placeholder_or_null_value,null,not_applicable,Replace with an explicit semantic value such as not_applicable.
error,True,json,reports/publication/model_quality_gate.json,not_applicable,models.10.gates.calibration.metrics.picp_90,not_applicable,placeholder_or_null_value,null,not_applicable,Replace with an explicit semantic value such as not_applicable.
error,True,json,reports/publication/model_quality_gate.json,not_applicable,models.10.gates.generalization.metrics.test_rmse,not_applicable,placeholder_or_null_value,null,not_applicable,Replace with an explicit semantic value such as not_applicable.
error,True,json,reports/publication/model_quality_gate.json,not_applicable,models.10.gates.generalization.metrics.train_rmse,not_applicable,placeholder_or_null_value,null,not_applicable,Replace with an explicit semantic value such as not_applicable.
error,True,json,reports/publication/model_quality_gate.json,not_applicable,models.10.gates.generalization.metrics.train_validation_rmse_ratio,not_applicable,placeholder_or_null_value,null,not_applicable,Replace with an explicit semantic value such as not_applicable.
error,True,json,reports/publication/model_quality_gate.json,not_applicable,models.10.gates.generalization.metrics.validation_rmse,not_applicable,placeholder_or_null_value,null,not_applicable,Replace with an explicit semantic value such as not_applicable.
error,True,json,reports/publication/model_quality_gate.json,not_applicable,models.10.gates.generalization.metrics.validation_test_rmse_ratio,not_applicable,placeholder_or_null_value,null,not_applicable,Replace with an explicit semantic value such as not_applicable.
error,True,json,reports/publication/model_quality_gate.json,not_applicable,models.11.gates.calibration.metrics.mean_interval_width,not_applicable,placeholder_or_null_value,null,not_applicable,Replace with an explicit semantic value such as not_applicable.
error,True,json,reports/publication/model_quality_gate.json,not_applicable,models.11.gates.calibration.metrics.picp_90,not_applicable,placeholder_or_null_value,null,not_applicable,Replace with an explicit semantic value such as not_applicable.
error,True,json,reports/publication/model_quality_gate.json,not_applicable,models.11.gates.generalization.metrics.train_rmse,not_applicable,placeholder_or_null_value,null,not_applicable,Replace with an explicit semantic value such as not_applicable.
error,True,json,reports/publication/model_quality_gate.json,not_applicable,models.11.gates.generalization.metrics.train_validation_rmse_ratio,not_applicable,placeholder_or_null_value,null,not_applicable,Replace with an explicit semantic value such as not_applicable.
error,True,json,reports/publication/model_quality_gate.json,not_applicable,models.12.gates.calibration.metrics.mean_interval_width,not_applicable,placeholder_or_null_value,null,not_applicable,Replace with an explicit semantic value such as not_applicable.
error,True,json,reports/publication/model_quality_gate.json,not_applicable,models.12.gates.calibration.metrics.picp_90,not_applicable,placeholder_or_null_value,null,not_applicable,Replace with an explicit semantic value such as not_applicable.
error,True,json,reports/publication/model_quality_gate.json,not_applicable,models.12.gates.generalization.metrics.test_rmse,not_applicable,placeholder_or_null_value,null,not_applicable,Replace with an explicit semantic value such as not_applicable.
error,True,json,reports/publication/model_quality_gate.json,not_applicable,models.12.gates.generalization.metrics.train_rmse,not_applicable,placeholder_or_null_value,null,not_applicable,Replace with an explicit semantic value such as not_applicable.
error,True,json,reports/publication/model_quality_gate.json,not_applicable,models.12.gates.generalization.metrics.train_validation_rmse_ratio,not_applicable,placeholder_or_null_value,null,not_applicable,Replace with an explicit semantic value such as not_applicable.
error,True,json,reports/publication/model_quality_gate.json,not_applicable,models.12.gates.generalization.metrics.validation_rmse,not_applicable,placeholder_or_null_value,null,not_applicable,Replace with an explicit semantic value such as not_applicable.
error,True,json,reports/publication/model_quality_gate.json,not_applicable,models.12.gates.generalization.metrics.validation_test_rmse_ratio,not_applicable,placeholder_or_null_value,null,not_applicable,Replace with an explicit semantic value such as not_applicable.
error,True,json,reports/publication/model_quality_gate.json,not_applicable,models.14.gates.calibration.metrics.mean_interval_width,not_applicable,placeholder_or_null_value,null,not_applicable,Replace with an explicit semantic value such as not_applicable.
error,True,json,reports/publication/model_quality_gate.json,not_applicable,models.14.gates.calibration.metrics.picp_90,not_applicable,placeholder_or_null_value,null,not_applicable,Replace with an explicit semantic value such as not_applicable.
error,True,json,reports/publication/model_quality_gate.json,not_applicable,models.14.gates.generalization.metrics.test_rmse,not_applicable,placeholder_or_null_value,null,not_applicable,Replace with an explicit semantic value such as not_applicable.
error,True,json,reports/publication/model_quality_gate.json,not_applicable,models.14.gates.generalization.metrics.train_rmse,not_applicable,placeholder_or_null_value,null,not_applicable,Replace with an explicit semantic value such as not_applicable.
error,True,json,reports/publication/model_quality_gate.json,not_applicable,models.14.gates.generalization.metrics.train_validation_rmse_ratio,not_applicable,placeholder_or_null_value,null,not_applicable,Replace with an explicit semantic value such as not_applicable.
error,True,json,reports/publication/model_quality_gate.json,not_applicable,models.14.gates.generalization.metrics.validation_rmse,not_applicable,placeholder_or_null_value,null,not_applicable,Replace with an explicit semantic value such as not_applicable.
error,True,json,reports/publication/model_quality_gate.json,not_applicable,models.14.gates.generalization.metrics.validation_test_rmse_ratio,not_applicable,placeholder_or_null_value,null,not_applicable,Replace with an explicit semantic value such as not_applicable.
warning,False,csv,reports/publication/fault_performance_packet_drop.csv,not_applicable,violations,not_applicable,all_zero_metric_review,not_applicable,5 numeric values are all zero.,Review for semantic zero vs. placeholder zero; not blocking.
error,True,csv,reports/publication/orius_failure_modes_falsification_table.csv,not_applicable,not_applicable,not_applicable,csv_read_error,not_applicable,"Error tokenizing data. C error: Expected 4 fields in line 4, saw 6
",Repair CSV syntax or regenerate the artifact.
warning,False,csv,reports/publication/battery_deep_oqe_fault_family_coverage.csv,not_applicable,coverage,not_applicable,all_zero_metric_review,not_applicable,12 numeric values are all zero.,Review for semantic zero vs. placeholder zero; not blocking.
warning,False,csv,reports/publication/battery_deep_oqe_runtime_summary.csv,not_applicable,recovery_latency,not_applicable,all_zero_metric_review,not_applicable,4 numeric values are all zero.,Review for semantic zero vs. placeholder zero; not blocking.
error,True,json,reports/publication/mechanized_theorem_program_status.json,not_applicable,theorems.L1.blocker,not_applicable,placeholder_or_null_value,not_applicable,not_applicable,Replace with an explicit semantic value such as not_applicable.
error,True,json,reports/publication/mechanized_theorem_program_status.json,not_applicable,theorems.L2.blocker,not_applicable,placeholder_or_null_value,not_applicable,not_applicable,Replace with an explicit semantic value such as not_applicable.
error,True,json,reports/publication/mechanized_theorem_program_status.json,not_applicable,theorems.L3.blocker,not_applicable,placeholder_or_null_value,not_applicable,not_applicable,Replace with an explicit semantic value such as not_applicable.
error,True,json,reports/publication/mechanized_theorem_program_status.json,not_applicable,theorems.L4.blocker,not_applicable,placeholder_or_null_value,not_applicable,not_applicable,Replace with an explicit semantic value such as not_applicable.
error,True,json,reports/publication/mechanized_theorem_program_status.json,not_applicable,theorems.T1.blocker,not_applicable,placeholder_or_null_value,not_applicable,not_applicable,Replace with an explicit semantic value such as not_applicable.
error,True,json,reports/publication/mechanized_theorem_program_status.json,not_applicable,theorems.T10.blocker,not_applicable,placeholder_or_null_value,not_applicable,not_applicable,Replace with an explicit semantic value such as not_applicable.
error,True,json,reports/publication/mechanized_theorem_program_status.json,not_applicable,theorems.T10_T11_ObservationAmbiguitySandwich.blocker,not_applicable,placeholder_or_null_value,not_applicable,not_applicable,Replace with an explicit semantic value such as not_applicable.
error,True,json,reports/publication/mechanized_theorem_program_status.json,not_applicable,theorems.T11.blocker,not_applicable,placeholder_or_null_value,not_applicable,not_applicable,Replace with an explicit semantic value such as not_applicable.
error,True,json,reports/publication/mechanized_theorem_program_status.json,not_applicable,theorems.T11_AV_BrakeHold.blocker,not_applicable,placeholder_or_null_value,not_applicable,not_applicable,Replace with an explicit semantic value such as not_applicable.
error,True,json,reports/publication/mechanized_theorem_program_status.json,not_applicable,theorems.T11_Byzantine.blocker,not_applicable,placeholder_or_null_value,not_applicable,not_applicable,Replace with an explicit semantic value such as not_applicable.
error,True,json,reports/publication/mechanized_theorem_program_status.json,not_applicable,theorems.T11_HC_FailSafeRelease.blocker,not_applicable,placeholder_or_null_value,not_applicable,not_applicable,Replace with an explicit semantic value such as not_applicable.
error,True,json,reports/publication/mechanized_theorem_program_status.json,not_applicable,theorems.T2.blocker,not_applicable,placeholder_or_null_value,not_applicable,not_applicable,Replace with an explicit semantic value such as not_applicable.
error,True,json,reports/publication/mechanized_theorem_program_status.json,not_applicable,theorems.T3a.blocker,not_applicable,placeholder_or_null_value,not_applicable,not_applicable,Replace with an explicit semantic value such as not_applicable.
error,True,json,reports/publication/mechanized_theorem_program_status.json,not_applicable,theorems.T3b.blocker,not_applicable,placeholder_or_null_value,not_applicable,not_applicable,Replace with an explicit semantic value such as not_applicable.
error,True,json,reports/publication/mechanized_theorem_program_status.json,not_applicable,theorems.T4.blocker,not_applicable,placeholder_or_null_value,not_applicable,not_applicable,Replace with an explicit semantic value such as not_applicable.
error,True,json,reports/publication/mechanized_theorem_program_status.json,not_applicable,theorems.T5.blocker,not_applicable,placeholder_or_null_value,not_applicable,not_applicable,Replace with an explicit semantic value such as not_applicable.
error,True,json,reports/publication/mechanized_theorem_program_status.json,not_applicable,theorems.T6.blocker,not_applicable,placeholder_or_null_value,not_applicable,not_applicable,Replace with an explicit semantic value such as not_applicable.
error,True,json,reports/publication/mechanized_theorem_program_status.json,not_applicable,theorems.T6_AV_FallbackValidity.blocker,not_applicable,placeholder_or_null_value,not_applicable,not_applicable,Replace with an explicit semantic value such as not_applicable.
error,True,json,reports/publication/mechanized_theorem_program_status.json,not_applicable,theorems.T6_HC_FallbackValidity.blocker,not_applicable,placeholder_or_null_value,not_applicable,not_applicable,Replace with an explicit semantic value such as not_applicable.
error,True,json,reports/publication/mechanized_theorem_program_status.json,not_applicable,theorems.T7.blocker,not_applicable,placeholder_or_null_value,not_applicable,not_applicable,Replace with an explicit semantic value such as not_applicable.
error,True,json,reports/publication/mechanized_theorem_program_status.json,not_applicable,theorems.T8.blocker,not_applicable,placeholder_or_null_value,not_applicable,not_applicable,Replace with an explicit semantic value such as not_applicable.
error,True,json,reports/publication/mechanized_theorem_program_status.json,not_applicable,theorems.T9.blocker,not_applicable,placeholder_or_null_value,not_applicable,not_applicable,Replace with an explicit semantic value such as not_applicable.
error,True,json,reports/publication/mechanized_theorem_program_status.json,not_applicable,theorems.T_EQ_AV_RuntimeArtifactPackage.blocker,not_applicable,placeholder_or_null_value,not_applicable,not_applicable,Replace with an explicit semantic value such as not_applicable.
error,True,json,reports/publication/mechanized_theorem_program_status.json,not_applicable,theorems.T_EQ_Battery_RuntimeArtifactPackage.blocker,not_applicable,placeholder_or_null_value,not_applicable,not_applicable,Replace with an explicit semantic value such as not_applicable.
error,True,json,reports/publication/mechanized_theorem_program_status.json,not_applicable,theorems.T_EQ_HC_RuntimeArtifactPackage.blocker,not_applicable,placeholder_or_null_value,not_applicable,not_applicable,Replace with an explicit semantic value such as not_applicable.
error,True,json,reports/publication/mechanized_theorem_program_status.json,not_applicable,theorems.T_minimax.blocker,not_applicable,placeholder_or_null_value,not_applicable,not_applicable,Replace with an explicit semantic value such as not_applicable.
error,True,json,reports/publication/mechanized_theorem_program_status.json,not_applicable,theorems.T_sensor_converse.blocker,not_applicable,placeholder_or_null_value,not_applicable,not_applicable,Replace with an explicit semantic value such as not_applicable.
error,True,json,reports/publication/mechanized_theorem_program_status.json,not_applicable,theorems.T_stale_decay.blocker,not_applicable,placeholder_or_null_value,not_applicable,not_applicable,Replace with an explicit semantic value such as not_applicable.
error,True,json,reports/publication/mechanized_theorem_program_status.json,not_applicable,theorems.T_trajectory_PAC.blocker,not_applicable,placeholder_or_null_value,not_applicable,not_applicable,Replace with an explicit semantic value such as not_applicable.
error,True,csv,reports/publication/three_domain_proxy_runtime_comparison.csv,not_applicable,proxy_baseline_tsvr,2,placeholder_or_blank_cell,not_applicable,1/3 rows contain missing/placeholder values.,Replace with an explicit semantic value such as not_applicable.
error,True,csv,reports/publication/three_domain_proxy_runtime_comparison.csv,not_applicable,proxy_orius_tsvr,2,placeholder_or_blank_cell,not_applicable,1/3 rows contain missing/placeholder values.,Replace with an explicit semantic value such as not_applicable.
warning,False,csv,reports/publication/dc3s_main_table.csv,not_applicable,grid_import_violation_rate,not_applicable,all_zero_metric_review,not_applicable,240 numeric values are all zero.,Review for semantic zero vs. placeholder zero; not blocking.
warning,False,csv,reports/publication/sensitivity_grid.csv,not_applicable,grid_import_violation_rate,not_applicable,all_zero_metric_review,not_applicable,1296 numeric values are all zero.,Review for semantic zero vs. placeholder zero; not blocking.
error,True,csv,reports/publication/equal_domain_artifact_discipline.csv,not_applicable,blockers,2,placeholder_or_blank_cell,not_applicable,3/3 rows contain missing/placeholder values.,Replace with an explicit semantic value such as not_applicable.
error,True,json,reports/publication/equal_domain_artifact_discipline.json,not_applicable,rows.0.blockers,not_applicable,placeholder_or_null_value,not_applicable,not_applicable,Replace with an explicit semantic value such as not_applicable.
error,True,json,reports/publication/equal_domain_artifact_discipline.json,not_applicable,rows.1.blockers,not_applicable,placeholder_or_null_value,not_applicable,not_applicable,Replace with an explicit semantic value such as not_applicable.
error,True,json,reports/publication/equal_domain_artifact_discipline.json,not_applicable,rows.2.blockers,not_applicable,placeholder_or_null_value,not_applicable,not_applicable,Replace with an explicit semantic value such as not_applicable.
warning,False,csv,reports/publication/cpsbench_merged_sweep.csv,not_applicable,grid_import_violation_rate,not_applicable,all_zero_metric_review,not_applicable,640 numeric values are all zero.,Review for semantic zero vs. placeholder zero; not blocking.
error,True,json,reports/publication/t9_t10_assumption_discharge_scorecard.json,not_applicable,theorems.T10.av.blocker,not_applicable,placeholder_or_null_value,not_applicable,not_applicable,Replace with an explicit semantic value such as not_applicable.
error,True,json,reports/publication/t9_t10_assumption_discharge_scorecard.json,not_applicable,theorems.T10.battery.blocker,not_applicable,placeholder_or_null_value,not_applicable,not_applicable,Replace with an explicit semantic value such as not_applicable.
error,True,json,reports/publication/t9_t10_assumption_discharge_scorecard.json,not_applicable,theorems.T10.healthcare.blocker,not_applicable,placeholder_or_null_value,not_applicable,not_applicable,Replace with an explicit semantic value such as not_applicable.
error,True,json,reports/publication/t9_t10_assumption_discharge_scorecard.json,not_applicable,theorems.T9.av.blocker,not_applicable,placeholder_or_null_value,not_applicable,not_applicable,Replace with an explicit semantic value such as not_applicable.
error,True,json,reports/publication/t9_t10_assumption_discharge_scorecard.json,not_applicable,theorems.T9.battery.blocker,not_applicable,placeholder_or_null_value,not_applicable,not_applicable,Replace with an explicit semantic value such as not_applicable.
error,True,json,reports/publication/t9_t10_assumption_discharge_scorecard.json,not_applicable,theorems.T9.healthcare.blocker,not_applicable,placeholder_or_null_value,not_applicable,not_applicable,Replace with an explicit semantic value such as not_applicable.
error,True,json,reports/publication/t9_t10_mechanized_proof_status.json,not_applicable,theorems.L1.blocker,not_applicable,placeholder_or_null_value,not_applicable,not_applicable,Replace with an explicit semantic value such as not_applicable.
error,True,json,reports/publication/t9_t10_mechanized_proof_status.json,not_applicable,theorems.L2.blocker,not_applicable,placeholder_or_null_value,not_applicable,not_applicable,Replace with an explicit semantic value such as not_applicable.
error,True,json,reports/publication/t9_t10_mechanized_proof_status.json,not_applicable,theorems.L3.blocker,not_applicable,placeholder_or_null_value,not_applicable,not_applicable,Replace with an explicit semantic value such as not_applicable.
error,True,json,reports/publication/t9_t10_mechanized_proof_status.json,not_applicable,theorems.L4.blocker,not_applicable,placeholder_or_null_value,not_applicable,not_applicable,Replace with an explicit semantic value such as not_applicable.
error,True,json,reports/publication/t9_t10_mechanized_proof_status.json,not_applicable,theorems.T1.blocker,not_applicable,placeholder_or_null_value,not_applicable,not_applicable,Replace with an explicit semantic value such as not_applicable.
error,True,json,reports/publication/t9_t10_mechanized_proof_status.json,not_applicable,theorems.T10.blocker,not_applicable,placeholder_or_null_value,not_applicable,not_applicable,Replace with an explicit semantic value such as not_applicable.
error,True,json,reports/publication/t9_t10_mechanized_proof_status.json,not_applicable,theorems.T10_T11_ObservationAmbiguitySandwich.blocker,not_applicable,placeholder_or_null_value,not_applicable,not_applicable,Replace with an explicit semantic value such as not_applicable.
error,True,json,reports/publication/t9_t10_mechanized_proof_status.json,not_applicable,theorems.T11.blocker,not_applicable,placeholder_or_null_value,not_applicable,not_applicable,Replace with an explicit semantic value such as not_applicable.
error,True,json,reports/publication/t9_t10_mechanized_proof_status.json,not_applicable,theorems.T11_AV_BrakeHold.blocker,not_applicable,placeholder_or_null_value,not_applicable,not_applicable,Replace with an explicit semantic value such as not_applicable.
error,True,json,reports/publication/t9_t10_mechanized_proof_status.json,not_applicable,theorems.T11_Byzantine.blocker,not_applicable,placeholder_or_null_value,not_applicable,not_applicable,Replace with an explicit semantic value such as not_applicable.
error,True,json,reports/publication/t9_t10_mechanized_proof_status.json,not_applicable,theorems.T11_HC_FailSafeRelease.blocker,not_applicable,placeholder_or_null_value,not_applicable,not_applicable,Replace with an explicit semantic value such as not_applicable.
error,True,json,reports/publication/t9_t10_mechanized_proof_status.json,not_applicable,theorems.T2.blocker,not_applicable,placeholder_or_null_value,not_applicable,not_applicable,Replace with an explicit semantic value such as not_applicable.
error,True,json,reports/publication/t9_t10_mechanized_proof_status.json,not_applicable,theorems.T3a.blocker,not_applicable,placeholder_or_null_value,not_applicable,not_applicable,Replace with an explicit semantic value such as not_applicable.
error,True,json,reports/publication/t9_t10_mechanized_proof_status.json,not_applicable,theorems.T3b.blocker,not_applicable,placeholder_or_null_value,not_applicable,not_applicable,Replace with an explicit semantic value such as not_applicable.
error,True,json,reports/publication/t9_t10_mechanized_proof_status.json,not_applicable,theorems.T4.blocker,not_applicable,placeholder_or_null_value,not_applicable,not_applicable,Replace with an explicit semantic value such as not_applicable.
error,True,json,reports/publication/t9_t10_mechanized_proof_status.json,not_applicable,theorems.T5.blocker,not_applicable,placeholder_or_null_value,not_applicable,not_applicable,Replace with an explicit semantic value such as not_applicable.
error,True,json,reports/publication/t9_t10_mechanized_proof_status.json,not_applicable,theorems.T6.blocker,not_applicable,placeholder_or_null_value,not_applicable,not_applicable,Replace with an explicit semantic value such as not_applicable.
error,True,json,reports/publication/t9_t10_mechanized_proof_status.json,not_applicable,theorems.T6_AV_FallbackValidity.blocker,not_applicable,placeholder_or_null_value,not_applicable,not_applicable,Replace with an explicit semantic value such as not_applicable.
error,True,json,reports/publication/t9_t10_mechanized_proof_status.json,not_applicable,theorems.T6_HC_FallbackValidity.blocker,not_applicable,placeholder_or_null_value,not_applicable,not_applicable,Replace with an explicit semantic value such as not_applicable.
error,True,json,reports/publication/t9_t10_mechanized_proof_status.json,not_applicable,theorems.T7.blocker,not_applicable,placeholder_or_null_value,not_applicable,not_applicable,Replace with an explicit semantic value such as not_applicable.
error,True,json,reports/publication/t9_t10_mechanized_proof_status.json,not_applicable,theorems.T8.blocker,not_applicable,placeholder_or_null_value,not_applicable,not_applicable,Replace with an explicit semantic value such as not_applicable.
error,True,json,reports/publication/t9_t10_mechanized_proof_status.json,not_applicable,theorems.T9.blocker,not_applicable,placeholder_or_null_value,not_applicable,not_applicable,Replace with an explicit semantic value such as not_applicable.
error,True,json,reports/publication/t9_t10_mechanized_proof_status.json,not_applicable,theorems.T_EQ_AV_RuntimeArtifactPackage.blocker,not_applicable,placeholder_or_null_value,not_applicable,not_applicable,Replace with an explicit semantic value such as not_applicable.
error,True,json,reports/publication/t9_t10_mechanized_proof_status.json,not_applicable,theorems.T_EQ_Battery_RuntimeArtifactPackage.blocker,not_applicable,placeholder_or_null_value,not_applicable,not_applicable,Replace with an explicit semantic value such as not_applicable.
error,True,json,reports/publication/t9_t10_mechanized_proof_status.json,not_applicable,theorems.T_EQ_HC_RuntimeArtifactPackage.blocker,not_applicable,placeholder_or_null_value,not_applicable,not_applicable,Replace with an explicit semantic value such as not_applicable.
error,True,json,reports/publication/t9_t10_mechanized_proof_status.json,not_applicable,theorems.T_minimax.blocker,not_applicable,placeholder_or_null_value,not_applicable,not_applicable,Replace with an explicit semantic value such as not_applicable.
error,True,json,reports/publication/t9_t10_mechanized_proof_status.json,not_applicable,theorems.T_sensor_converse.blocker,not_applicable,placeholder_or_null_value,not_applicable,not_applicable,Replace with an explicit semantic value such as not_applicable.
error,True,json,reports/publication/t9_t10_mechanized_proof_status.json,not_applicable,theorems.T_stale_decay.blocker,not_applicable,placeholder_or_null_value,not_applicable,not_applicable,Replace with an explicit semantic value such as not_applicable.
error,True,json,reports/publication/t9_t10_mechanized_proof_status.json,not_applicable,theorems.T_trajectory_PAC.blocker,not_applicable,placeholder_or_null_value,not_applicable,not_applicable,Replace with an explicit semantic value such as not_applicable.
error,True,csv,reports/publication/theorem_promotion_domain_matrix.csv,not_applicable,blocker,2,placeholder_or_blank_cell,not_applicable,6/6 rows contain missing/placeholder values.,Replace with an explicit semantic value such as not_applicable.
warning,False,csv,reports/publication/Tsensor_sensor_ablation.csv,not_applicable,violation,not_applicable,all_zero_metric_review,not_applicable,3 numeric values are all zero.,Review for semantic zero vs. placeholder zero; not blocking.
error,True,csv,reports/publication/three_domain_utility_safety_dominance.csv,not_applicable,orius_progress_total,3,placeholder_or_blank_cell,not_applicable,1/2 rows contain missing/placeholder values.,Replace with an explicit semantic value such as not_applicable.
error,True,csv,reports/publication/three_domain_utility_safety_dominance.csv,not_applicable,orius_near_miss_rate,3,placeholder_or_blank_cell,not_applicable,1/2 rows contain missing/placeholder values.,Replace with an explicit semantic value such as not_applicable.
error,True,csv,reports/publication/three_domain_utility_safety_dominance.csv,not_applicable,orius_collision_proxy_rate,3,placeholder_or_blank_cell,not_applicable,1/2 rows contain missing/placeholder values.,Replace with an explicit semantic value such as not_applicable.
error,True,csv,reports/publication/three_domain_utility_safety_dominance.csv,not_applicable,orius_mean_abs_jerk,3,placeholder_or_blank_cell,not_applicable,1/2 rows contain missing/placeholder values.,Replace with an explicit semantic value such as not_applicable.
warning,False,csv,reports/publication/dc3s_ablation_table.csv,not_applicable,violation_rate,not_applicable,all_zero_metric_review,not_applicable,4 numeric values are all zero.,Review for semantic zero vs. placeholder zero; not blocking.
warning,False,csv,reports/publication/dc3s_ablation_table.csv,not_applicable,true_soc_violation_rate,not_applicable,all_zero_metric_review,not_applicable,4 numeric values are all zero.,Review for semantic zero vs. placeholder zero; not blocking.
warning,False,csv,reports/publication/blackout_study.csv,not_applicable,violations,not_applicable,all_zero_metric_review,not_applicable,6 numeric values are all zero.,Review for semantic zero vs. placeholder zero; not blocking.
error,True,csv,reports/publication/orius_supplemental_hf_evidence.csv,not_applicable,not_applicable,not_applicable,empty_csv_rows,not_applicable,CSV has a header but no semantic data row.,Add an explicit status row or remove it from active surfaces.
error,True,csv,reports/publication/orius_93plus_gap_matrix.csv,not_applicable,not_applicable,not_applicable,empty_csv_rows,not_applicable,CSV has a header but no semantic data row.,Add an explicit status row or remove it from active surfaces.
warning,False,csv,reports/publication/dc3s_ablation_detailed.csv,not_applicable,drift_flag_rate,not_applicable,all_zero_metric_review,not_applicable,16 numeric values are all zero.,Review for semantic zero vs. placeholder zero; not blocking.
warning,False,csv,reports/publication/dc3s_ablation_detailed.csv,not_applicable,violation_rate,not_applicable,all_zero_metric_review,not_applicable,16 numeric values are all zero.,Review for semantic zero vs. placeholder zero; not blocking.
warning,False,csv,reports/publication/dc3s_ablation_detailed.csv,not_applicable,violation_severity,not_applicable,all_zero_metric_review,not_applicable,16 numeric values are all zero.,Review for semantic zero vs. placeholder zero; not blocking.
warning,False,csv,reports/publication/dc3s_ablation_detailed.csv,not_applicable,true_soc_violation_rate,not_applicable,all_zero_metric_review,not_applicable,16 numeric values are all zero.,Review for semantic zero vs. placeholder zero; not blocking.
warning,False,csv,reports/publication/dc3s_ablation_detailed.csv,not_applicable,true_soc_violation_steps,not_applicable,all_zero_metric_review,not_applicable,16 numeric values are all zero.,Review for semantic zero vs. placeholder zero; not blocking.
warning,False,csv,reports/publication/dc3s_ablation_detailed.csv,not_applicable,true_soc_violation_severity_mean,not_applicable,all_zero_metric_review,not_applicable,16 numeric values are all zero.,Review for semantic zero vs. placeholder zero; not blocking.
warning,False,csv,reports/publication/dc3s_ablation_detailed.csv,not_applicable,true_soc_violation_severity_p95,not_applicable,all_zero_metric_review,not_applicable,16 numeric values are all zero.,Review for semantic zero vs. placeholder zero; not blocking.
warning,False,csv,reports/publication/dc3s_ablation_detailed.csv,not_applicable,grid_import_violation_rate,not_applicable,all_zero_metric_review,not_applicable,16 numeric values are all zero.,Review for semantic zero vs. placeholder zero; not blocking.
warning,False,csv,reports/publication/multi_agent_transformer_scenario.csv,not_applicable,local_violations,not_applicable,all_zero_metric_review,not_applicable,3 numeric values are all zero.,Review for semantic zero vs. placeholder zero; not blocking.
warning,False,csv,reports/publication/hyperparameter_surfaces.csv,not_applicable,violation_rate_mean,not_applicable,all_zero_metric_review,not_applicable,12 numeric values are all zero.,Review for semantic zero vs. placeholder zero; not blocking.
warning,False,csv,reports/publication/_ablation_tmp/dc3s_main_table.csv,not_applicable,grid_import_violation_rate,not_applicable,all_zero_metric_review,not_applicable,48 numeric values are all zero.,Review for semantic zero vs. placeholder zero; not blocking.
warning,False,csv,reports/publication/_ablation_tmp/cpsbench_merged_sweep.csv,not_applicable,grid_import_violation_rate,not_applicable,all_zero_metric_review,not_applicable,256 numeric values are all zero.,Review for semantic zero vs. placeholder zero; not blocking.
warning,False,csv,reports/publication/sweeps/runs/alpha0=0.1__ph_lambda=3__kpen=0.3/dc3s_main_table.csv,not_applicable,grid_import_violation_rate,not_applicable,all_zero_metric_review,not_applicable,48 numeric values are all zero.,Review for semantic zero vs. placeholder zero; not blocking.
warning,False,csv,reports/publication/sweeps/runs/alpha0=0.1__ph_lambda=3__kpen=0.5/dc3s_main_table.csv,not_applicable,grid_import_violation_rate,not_applicable,all_zero_metric_review,not_applicable,48 numeric values are all zero.,Review for semantic zero vs. placeholder zero; not blocking.
warning,False,csv,reports/publication/sweeps/runs/alpha0=0.1__ph_lambda=7__kpen=0.7/dc3s_main_table.csv,not_applicable,grid_import_violation_rate,not_applicable,all_zero_metric_review,not_applicable,48 numeric values are all zero.,Review for semantic zero vs. placeholder zero; not blocking.
warning,False,csv,reports/publication/sweeps/runs/alpha0=0.1__ph_lambda=5__kpen=0.3/dc3s_main_table.csv,not_applicable,grid_import_violation_rate,not_applicable,all_zero_metric_review,not_applicable,48 numeric values are all zero.,Review for semantic zero vs. placeholder zero; not blocking.
warning,False,csv,reports/publication/sweeps/runs/alpha0=0.1__ph_lambda=5__kpen=0.5/dc3s_main_table.csv,not_applicable,grid_import_violation_rate,not_applicable,all_zero_metric_review,not_applicable,48 numeric values are all zero.,Review for semantic zero vs. placeholder zero; not blocking.
warning,False,csv,reports/publication/sweeps/runs/alpha0=0.05__ph_lambda=5__kpen=0.3/dc3s_main_table.csv,not_applicable,grid_import_violation_rate,not_applicable,all_zero_metric_review,not_applicable,48 numeric values are all zero.,Review for semantic zero vs. placeholder zero; not blocking.
warning,False,csv,reports/publication/sweeps/runs/alpha0=0.05__ph_lambda=7__kpen=0.7/dc3s_main_table.csv,not_applicable,grid_import_violation_rate,not_applicable,all_zero_metric_review,not_applicable,48 numeric values are all zero.,Review for semantic zero vs. placeholder zero; not blocking.
warning,False,csv,reports/publication/sweeps/runs/alpha0=0.15__ph_lambda=3__kpen=0.7/dc3s_main_table.csv,not_applicable,grid_import_violation_rate,not_applicable,all_zero_metric_review,not_applicable,48 numeric values are all zero.,Review for semantic zero vs. placeholder zero; not blocking.
warning,False,csv,reports/publication/sweeps/runs/alpha0=0.05__ph_lambda=5__kpen=0.5/dc3s_main_table.csv,not_applicable,grid_import_violation_rate,not_applicable,all_zero_metric_review,not_applicable,48 numeric values are all zero.,Review for semantic zero vs. placeholder zero; not blocking.
warning,False,csv,reports/publication/sweeps/runs/alpha0=0.05__ph_lambda=3__kpen=0.3/dc3s_main_table.csv,not_applicable,grid_import_violation_rate,not_applicable,all_zero_metric_review,not_applicable,16 numeric values are all zero.,Review for semantic zero vs. placeholder zero; not blocking.
warning,False,csv,reports/publication/sweeps/runs/alpha0=0.15__ph_lambda=7__kpen=0.5/dc3s_main_table.csv,not_applicable,grid_import_violation_rate,not_applicable,all_zero_metric_review,not_applicable,48 numeric values are all zero.,Review for semantic zero vs. placeholder zero; not blocking.
warning,False,csv,reports/publication/sweeps/runs/alpha0=0.05__ph_lambda=3__kpen=0.5/dc3s_main_table.csv,not_applicable,grid_import_violation_rate,not_applicable,all_zero_metric_review,not_applicable,48 numeric values are all zero.,Review for semantic zero vs. placeholder zero; not blocking.
warning,False,csv,reports/publication/sweeps/runs/alpha0=0.15__ph_lambda=5__kpen=0.7/dc3s_main_table.csv,not_applicable,grid_import_violation_rate,not_applicable,all_zero_metric_review,not_applicable,48 numeric values are all zero.,Review for semantic zero vs. placeholder zero; not blocking.
warning,False,csv,reports/publication/sweeps/runs/alpha0=0.15__ph_lambda=7__kpen=0.3/dc3s_main_table.csv,not_applicable,grid_import_violation_rate,not_applicable,all_zero_metric_review,not_applicable,48 numeric values are all zero.,Review for semantic zero vs. placeholder zero; not blocking.
warning,False,csv,reports/publication/sweeps/runs/alpha0=0.1__ph_lambda=3__kpen=0.7/dc3s_main_table.csv,not_applicable,grid_import_violation_rate,not_applicable,all_zero_metric_review,not_applicable,48 numeric values are all zero.,Review for semantic zero vs. placeholder zero; not blocking.
warning,False,csv,reports/publication/sweeps/runs/alpha0=0.1__ph_lambda=7__kpen=0.3/dc3s_main_table.csv,not_applicable,grid_import_violation_rate,not_applicable,all_zero_metric_review,not_applicable,48 numeric values are all zero.,Review for semantic zero vs. placeholder zero; not blocking.
warning,False,csv,reports/publication/sweeps/runs/alpha0=0.1__ph_lambda=5__kpen=0.7/dc3s_main_table.csv,not_applicable,grid_import_violation_rate,not_applicable,all_zero_metric_review,not_applicable,48 numeric values are all zero.,Review for semantic zero vs. placeholder zero; not blocking.
warning,False,csv,reports/publication/sweeps/runs/alpha0=0.1__ph_lambda=7__kpen=0.5/dc3s_main_table.csv,not_applicable,grid_import_violation_rate,not_applicable,all_zero_metric_review,not_applicable,48 numeric values are all zero.,Review for semantic zero vs. placeholder zero; not blocking.
warning,False,csv,reports/publication/sweeps/runs/alpha0=0.05__ph_lambda=5__kpen=0.7/dc3s_main_table.csv,not_applicable,grid_import_violation_rate,not_applicable,all_zero_metric_review,not_applicable,48 numeric values are all zero.,Review for semantic zero vs. placeholder zero; not blocking.
warning,False,csv,reports/publication/sweeps/runs/alpha0=0.05__ph_lambda=7__kpen=0.3/dc3s_main_table.csv,not_applicable,grid_import_violation_rate,not_applicable,all_zero_metric_review,not_applicable,48 numeric values are all zero.,Review for semantic zero vs. placeholder zero; not blocking.
warning,False,csv,reports/publication/sweeps/runs/alpha0=0.15__ph_lambda=3__kpen=0.5/dc3s_main_table.csv,not_applicable,grid_import_violation_rate,not_applicable,all_zero_metric_review,not_applicable,48 numeric values are all zero.,Review for semantic zero vs. placeholder zero; not blocking.
warning,False,csv,reports/publication/sweeps/runs/alpha0=0.05__ph_lambda=7__kpen=0.5/dc3s_main_table.csv,not_applicable,grid_import_violation_rate,not_applicable,all_zero_metric_review,not_applicable,48 numeric values are all zero.,Review for semantic zero vs. placeholder zero; not blocking.
warning,False,csv,reports/publication/sweeps/runs/alpha0=0.15__ph_lambda=3__kpen=0.3/dc3s_main_table.csv,not_applicable,grid_import_violation_rate,not_applicable,all_zero_metric_review,not_applicable,48 numeric values are all zero.,Review for semantic zero vs. placeholder zero; not blocking.
warning,False,csv,reports/publication/sweeps/runs/alpha0=0.15__ph_lambda=5__kpen=0.5/dc3s_main_table.csv,not_applicable,grid_import_violation_rate,not_applicable,all_zero_metric_review,not_applicable,48 numeric values are all zero.,Review for semantic zero vs. placeholder zero; not blocking.
warning,False,csv,reports/publication/sweeps/runs/alpha0=0.05__ph_lambda=3__kpen=0.7/dc3s_main_table.csv,not_applicable,grid_import_violation_rate,not_applicable,all_zero_metric_review,not_applicable,16 numeric values are all zero.,Review for semantic zero vs. placeholder zero; not blocking.
warning,False,csv,reports/publication/sweeps/runs/alpha0=0.15__ph_lambda=5__kpen=0.3/dc3s_main_table.csv,not_applicable,grid_import_violation_rate,not_applicable,all_zero_metric_review,not_applicable,48 numeric values are all zero.,Review for semantic zero vs. placeholder zero; not blocking.
warning,False,csv,reports/publication/sweeps/runs/alpha0=0.15__ph_lambda=7__kpen=0.7/dc3s_main_table.csv,not_applicable,grid_import_violation_rate,not_applicable,all_zero_metric_review,not_applicable,48 numeric values are all zero.,Review for semantic zero vs. placeholder zero; not blocking.
error,True,json,reports/publication/theorem_promotion_evidence/T10_av.json,not_applicable,blocker,not_applicable,placeholder_or_null_value,not_applicable,not_applicable,Replace with an explicit semantic value such as not_applicable.
error,True,json,reports/publication/theorem_promotion_evidence/T10_battery.json,not_applicable,blocker,not_applicable,placeholder_or_null_value,not_applicable,not_applicable,Replace with an explicit semantic value such as not_applicable.
error,True,json,reports/publication/theorem_promotion_evidence/T10_healthcare.json,not_applicable,blocker,not_applicable,placeholder_or_null_value,not_applicable,not_applicable,Replace with an explicit semantic value such as not_applicable.
error,True,json,reports/publication/theorem_promotion_evidence/T9_av.json,not_applicable,blocker,not_applicable,placeholder_or_null_value,not_applicable,not_applicable,Replace with an explicit semantic value such as not_applicable.
error,True,json,reports/publication/theorem_promotion_evidence/T9_battery.json,not_applicable,blocker,not_applicable,placeholder_or_null_value,not_applicable,not_applicable,Replace with an explicit semantic value such as not_applicable.
error,True,json,reports/publication/theorem_promotion_evidence/T9_healthcare.json,not_applicable,blocker,not_applicable,placeholder_or_null_value,not_applicable,not_applicable,Replace with an explicit semantic value such as not_applicable.
error,True,json,reports/battery_av/battery/summary.json,not_applicable,required_artifacts.audit_db,not_applicable,placeholder_or_null_value,null,not_applicable,Replace with an explicit semantic value such as not_applicable.
error,True,csv,reports/battery_av/battery/runtime_traces.csv,not_applicable,prev_hash,2,placeholder_or_blank_cell,not_applicable,1/1152 rows contain missing/placeholder values.,Replace with an explicit semantic value such as not_applicable.
warning,False,csv,reports/battery_av/battery/runtime_ablation_summary.csv,not_applicable,baseline_intervention_rate,not_applicable,all_zero_metric_review,not_applicable,5 numeric values are all zero.,Review for semantic zero vs. placeholder zero; not blocking.
warning,False,csv,reports/battery_av/battery/runtime_negative_controls.csv,not_applicable,coverage_gap_abs_mean,not_applicable,all_zero_metric_review,not_applicable,5 numeric values are all zero.,Review for semantic zero vs. placeholder zero; not blocking.
warning,False,csv,reports/battery_av/battery/fault_family_coverage.csv,not_applicable,coverage,not_applicable,all_zero_metric_review,not_applicable,12 numeric values are all zero.,Review for semantic zero vs. placeholder zero; not blocking.
warning,False,csv,reports/battery_av/battery/runtime_summary.csv,not_applicable,recovery_latency,not_applicable,all_zero_metric_review,not_applicable,4 numeric values are all zero.,Review for semantic zero vs. placeholder zero; not blocking.
warning,False,csv,reports/battery_av/battery/subgroup_coverage_before_after.csv,not_applicable,coverage,not_applicable,all_zero_metric_review,not_applicable,16 numeric values are all zero.,Review for semantic zero vs. placeholder zero; not blocking.
error,True,json,reports/battery_av/battery/certos_verification_summary.json,not_applicable,failed_index,not_applicable,placeholder_or_null_value,null,not_applicable,Replace with an explicit semantic value such as not_applicable.
error,True,json,reports/battery_av/battery/certos_verification_summary.json,not_applicable,reason,not_applicable,placeholder_or_null_value,null,not_applicable,Use no_failure or a concrete failure reason.
error,True,csv,reports/battery_av/battery/certos_verification_failures.csv,not_applicable,not_applicable,not_applicable,empty_csv_rows,not_applicable,CSV has a header but no semantic data row.,Add an explicit status row or remove it from active surfaces.
warning,False,csv,reports/battery_av/battery/battery_deep_oqe_safety_metrics.csv,not_applicable,true_soc_violation_rate,not_applicable,all_zero_metric_review,not_applicable,12 numeric values are all zero.,Review for semantic zero vs. placeholder zero; not blocking.
warning,False,csv,reports/battery_av/battery/battery_deep_oqe_safety_metrics.csv,not_applicable,recovery_latency,not_applicable,all_zero_metric_review,not_applicable,12 numeric values are all zero.,Review for semantic zero vs. placeholder zero; not blocking.
error,True,csv,reports/healthcare/heldout_95/heldout_runtime_summary.csv,not_applicable,certificate_valid_rate,3,placeholder_or_blank_cell,not_applicable,5/6 rows contain missing/placeholder values.,Replace with an explicit semantic value such as not_applicable.
